bins	0-1	1-2	2-3	3-4	4-5	5-6	6-8	8-11	11-16	16-25	25-46	46-463
0-1	0.0	0.0476873900569884	0.06804864544816522	0.07852011840578474	0.08129267934930653	0.08120814901043977	0.07821150828217593	0.0718440709789942	0.06750652560906957	0.06460185896487976	0.06220597002147302	0.0599160417791603
1-2	0.16575663761565626	0.2512310997008793	0.27423328701735405	0.2887348864954151	0.2827085918637706	0.2757660714973733	0.26355323823945276	0.24476221490397193	0.2299346974241831	0.2192706517694653	0.2095768484731947	0.20075121883655067
2-3	0.3219713138356498	0.41293061801389375	0.4295224901697972	0.44034371794375987	0.42710757116814235	0.4168762792980101	0.40066170864609846	0.3777499065608914	0.3570258514166237	0.3409549896887294	0.32609693123615024	0.31239315816522856
3-4	0.447266294598509	0.5292287068906452	0.5377621589524849	0.5461311423707186	0.5281470090405135	0.5151653791671241	0.4972854554649724	0.4725805675689293	0.44801943549856404	0.4277402275152641	0.408652281937268	0.39103838157043114
4-5	0.543389848504009	0.6129229124196128	0.6156695754159982	0.6233278220219007	0.6036614894612711	0.5904523038366729	0.5728408110540797	0.5480503321536142	0.5219789285026921	0.49901905463024904	0.47718541399325237	0.4567782308476167
5-6	0.6123227328004798	0.6711254301885774	0.6705582000481156	0.6774051594421867	0.6581790687549329	0.6458490411824136	0.6283141672868495	0.604383795765593	0.577643542932201	0.5531194596605903	0.5293710980916626	0.506485361204158
6-7	0.6614378300752554	0.7128974664898844	0.710591106084675	0.7171158270701985	0.6989651021743332	0.6869872833122875	0.6705751092419165	0.6474598653053545	0.6208593031366911	0.5953472226300227	0.5700278734846588	0.5456878205905923
7-8	0.6976021874649776	0.743712370933722	0.7407814938002587	0.7472194012289465	0.7299026101776206	0.7185135711785817	0.7031524710567005	0.681265323515656	0.6549409451632371	0.6286581254574409	0.6022159290379729	0.5765288243193495
8-9	0.7252736597122926	0.7675453664437091	0.7646703717350276	0.7706350581212909	0.7542604263918735	0.7436106636204524	0.7289435944641092	0.7083344838275619	0.6824326621390622	0.6557180706953315	0.6282959154492902	0.6014426609194894
9-10	0.7475984685098012	0.7868299748005716	0.7838229121539981	0.7895919563460341	0.7741049705362609	0.763997698573409	0.7502676804965593	0.7306710564782124	0.7051873371199512	0.6782212244013298	0.650212863378623	0.6225964980611608
10-11	0.766877042997596	0.8033246533792718	0.8002594257595507	0.8059098352275045	0.7911059320948706	0.7815961318751614	0.7688333359148675	0.7501943504992765	0.7251579002434849	0.6982561327102974	0.6699774492964753	0.6414886598603786
11-12	0.7837329016180261	0.8178488736924994	0.8148998276521454	0.8202264423222099	0.8062368600571346	0.7975002535019134	0.785270086240448	0.7677137919540175	0.7434135092977875	0.7166852267758849	0.6882771763056371	0.6592860427008054
12-13	0.7985753452406078	0.8305780496150987	0.8275535581400141	0.8327175709826363	0.8195812214355394	0.8112473922350875	0.7997872815929983	0.7831196450424042	0.7594586467667794	0.7331401516021041	0.7047012110421177	0.675372133722889
13-14	0.8119693385453376	0.8419395310767394	0.8390065420874546	0.8440295332832177	0.8315215442677835	0.8236692278017363	0.8129220039883472	0.7971703819802146	0.7742460494931942	0.7483980561533169	0.7199634516950091	0.6903756823167554
14-15	0.8240030718425891	0.8522768187191982	0.8495539737806244	0.8543477466223572	0.8424726025643113	0.8351341238724003	0.82492453930066	0.8100089012670999	0.7879189194027092	0.7627390770732114	0.7344439601546342	0.7047788598573586
15-16	0.8348815552339655	0.8615360024968455	0.8589262348787735	0.8634922678296046	0.8523834081082904	0.8453970420316652	0.8357537059150814	0.8216283711022798	0.8003509834794654	0.7756891574973855	0.7477217826612182	0.7180315431723023
16-17	0.8449746701027798	0.8700801867044143	0.8676043547393707	0.8720588165178296	0.8614458069758397	0.8548564921235465	0.8457144936419275	0.832376217021261	0.8119284151335018	0.787792154892742	0.7602859805029207	0.7307249910048482
17-18	0.8542972347230429	0.8780349511781698	0.8757079607523889	0.8798497024227344	0.8698933205435947	0.8637394571012698	0.8550857081602784	0.842457820034996	0.8228615768835459	0.7993799891415354	0.7723148914649095	0.7430245266936009
18-19	0.8628537089636314	0.8852857310056615	0.8830042236217038	0.8869746749853742	0.8775848581293608	0.871717069617832	0.8635049512594076	0.8516212574897175	0.8328217426036969	0.8100645528784275	0.7835261017999671	0.7544596946907516
19-20	0.8708948525488223	0.8920002247626745	0.8898227328704004	0.8936595019618044	0.8847201817881263	0.8792041216751149	0.8714710736649351	0.8601973024065304	0.8420992014688744	0.8200488417370768	0.7941108049311492	0.7654103481475194
20-21	0.8782475937928408	0.8982873200661244	0.8962663592345637	0.8998806088542283	0.8914265292390646	0.886314265959215	0.8789176930723182	0.8682606776064673	0.8509531600654788	0.8296302089533754	0.8043746641635554	0.7759996334247862
21-22	0.8850576697012478	0.9040631191042255	0.9020969188482182	0.9055691263432387	0.8975551266440205	0.8927412044508649	0.8857967437758599	0.8756461389081588	0.8590600264451773	0.8384242840967269	0.8137953850174652	0.7857800059256049
22-23	0.8914993028937211	0.9094659149733283	0.9075626117727085	0.9109221266351387	0.9033122550994035	0.8987441620000551	0.8921814921709448	0.8825804166999955	0.8666928833499593	0.8467365615822823	0.8227534396695171	0.7951745371857749
23-24	0.8974761026558231	0.9145386027952479	0.9128068144901715	0.9159433180778962	0.9086946550845029	0.904427924771272	0.8982016296118184	0.8891076330286826	0.8738894739230265	0.854667671724163	0.8313953003343697	0.8043251188896102
24-25	0.9030620164908687	0.9192453234127202	0.9175495774897915	0.9205685992280632	0.913650989148124	0.909713661326925	0.9038326929899548	0.8950754956684961	0.8805553015448185	0.86204304628514	0.8394028583553509	0.8128456494447478
25-26	0.908322072164419	0.9236427527333023	0.9219951933601318	0.9249082492906902	0.9183242105557248	0.914636515334488	0.909049358685473	0.9007084577409001	0.8868853262013594	0.8690636789695456	0.8470850593280851	0.8210534975909655
26-27	0.9132129657883459	0.9277720390186449	0.9262482337006421	0.9289777197156439	0.9227637941752362	0.9193104618990252	0.9139708689861626	0.9061191016295839	0.892874691238193	0.875723430527447	0.8544667939557168	0.8289653258379809
27-28	0.9177685060460716	0.9316213909626383	0.9301471164916909	0.932793080010786	0.9268738169685989	0.9235902512756105	0.9185280141930283	0.9110939335601682	0.8984266798508647	0.8819109936883173	0.8613475689920373	0.8363936809514708
28-29	0.9221459392821942	0.9352492313330037	0.933851848879424	0.936353800412121	0.9307278509747129	0.9276312894066508	0.9228562633794148	0.9157714398276338	0.9037033655366528	0.8878148167327126	0.8679125603274742	0.8434739458228909
29-30	0.9262300282396021	0.9386776385012638	0.9373890777232192	0.9397008493352962	0.9344055216280838	0.9314988661330956	0.9269365623653145	0.92020912142188	0.9087552575019008	0.8934489131659151	0.874152194614664	0.8503310892751235
30-31	0.9299718582273864	0.9418863780038473	0.9406118358293922	0.9428685731460158	0.9378485067902799	0.9350643362868524	0.9307053562406372	0.9243819284067132	0.9133527053716126	0.8986762175600699	0.8800270843673119	0.856833894044142
31-32	0.9336187361681124	0.9448844267610437	0.9436672793764458	0.945843816038393	0.9410824169811713	0.938457634711884	0.9342730363192339	0.9282715003175366	0.9177465900388353	0.9036083041096139	0.885568137821191	0.8630354718796716
32-33	0.9370424767982516	0.9477446191369308	0.9465945282217643	0.9486821149379495	0.9441490439127284	0.9416473255588448	0.9376843491915741	0.9320067873940753	0.9219789562550034	0.9083744974490082	0.8909688733551452	0.8689446747399996
33-34	0.9401871159567348	0.9504111526540338	0.9492950582800831	0.9512821966275576	0.9470072943417046	0.9445911719429725	0.9408999571957065	0.9354515806082753	0.9258548440340928	0.9128057012811814	0.8960047275924523	0.8745784254865582
34-35	0.9432009802504059	0.9529285237226521	0.9518649368340292	0.953767054648158	0.9496725345800221	0.947416368147005	0.9439000685704619	0.938709353276119	0.9295768452477013	0.9169904008823437	0.9008227197961918	0.8799164166856288
35-36	0.9460532821973401	0.9553249247248841	0.954338118155954	0.9561284776578215	0.9522098386304422	0.9501506422021603	0.9467627439887749	0.9418707690871264	0.933112628453307	0.9210724682400586	0.9054357056042514	0.8851385513718191
36-37	0.9486952509733665	0.9575500363832153	0.956600455415615	0.9583251440649038	0.9545890559263903	0.9526260138262926	0.9493893934353801	0.944761474792221	0.9364236179383726	0.9248355615251606	0.9097523279303641	0.890018323553655
37-38	0.9512464398377357	0.9596786825413555	0.9587673553420432	0.9604244221908248	0.9568435965551518	0.9549816068039431	0.951927779002982	0.9475236572451392	0.9395440878072027	0.9284019318884921	0.9138640806229023	0.8947405829483164
38-39	0.9536900163821056	0.9616907257835202	0.9608455583937574	0.9624264003295837	0.9590138552912494	0.9572433758620074	0.9543276222423991	0.9501537582163081	0.9425357869521679	0.9318451168672957	0.9178383873997245	0.8993511514575269
39-40	0.95595706843899	0.9635830120566348	0.9627492654632573	0.9642717449136916	0.9610132220129398	0.9593126607963847	0.9565677791603326	0.9526050937337301	0.9453397417120153	0.9350628846039891	0.9215595475198399	0.9036357596203862
40-41	0.958125284046891	0.9653664592367269	0.9645890326692383	0.9660486616483888	0.9629095645978795	0.9613003737319465	0.9587174594557781	0.95494712043867	0.9479821780208081	0.9381246353152078	0.925134372187402	0.9077875884089333
41-42	0.96018890853629	0.9670770235288477	0.9663364492940186	0.9677218329339794	0.9647451404038542	0.963215703609271	0.9607462993709169	0.9571869547902738	0.9505367782647232	0.9410944307393846	0.9286137369055415	0.9116978108065746
42-43	0.9620627727983104	0.9686863184553253	0.9679506946168491	0.9692647705706916	0.9664684955682155	0.9649975520339884	0.9626416370958085	0.9592255356772295	0.9529080744933089	0.9438625651494534	0.9318385873459223	0.9154356803693243
43-44	0.9639249838545556	0.9701999727878005	0.9695068586055274	0.9707652387937695	0.9681211889800256	0.9667042768392433	0.9644516612663432	0.9611953715688349	0.9551524038982564	0.9464825567893965	0.9349385739842646	0.9190269719169017
44-45	0.9656631817826732	0.9716369593686147	0.970993665165896	0.9721925112914779	0.9696882035617244	0.96835038687858	0.9661734215578746	0.9631283442020643	0.9573193043550178	0.9490119277618484	0.9379157482521463	0.9224532004775889
45-46	0.9672871495208449	0.9729942697163738	0.9723713644911761	0.9735100343481313	0.971144743673619	0.9698504411255713	0.9678037217853692	0.964869884084267	0.9593653434966	0.9513839470892749	0.9407314064737986	0.9257450875536778
46-47	0.9688627780350597	0.9742805410841129	0.9737062272576456	0.9747673408973034	0.9725329502620417	0.9712761778005193	0.9693106000984916	0.9665429636294854	0.961261658919378	0.953645459917905	0.9434026439123702	0.9288094272314352
47-48	0.9703595675768686	0.975515134505321	0.9749774651352932	0.9759805004468557	0.973853405384262	0.9726524231639331	0.9707743299136611	0.968178752928779	0.963113015598048	0.9558100793671555	0.9459651554773156	0.9318407022414718
48-49	0.9717559381355765	0.976674515891672	0.9761542106037995	0.9771085445811409	0.9750813134005876	0.9739275901809885	0.9721370111096932	0.9696678008404825	0.9648294960443939	0.9578321614483932	0.948349055732883	0.9346871275343284
49-50	0.9730731819884025	0.9777847425739516	0.9772713628596074	0.978200741351735	0.976251597747205	0.975141981222642	0.9734356456748608	0.9710831222354338	0.9664745142894571	0.9597626886284543	0.9506208110621945	0.9374520627405972
50-51	0.9743472658198384	0.9788396520176912	0.9783595374432785	0.9792389021947944	0.9773834663140171	0.9763184880355965	0.9746870750456869	0.9724574528257043	0.9680507068027994	0.9616146067169801	0.952846477562057	0.9400594851596916
51-52	0.9755420790786545	0.9798186215681717	0.9793551094659912	0.9801945964425639	0.9784463028886333	0.9773993976246429	0.9758755641573909	0.973737703826065	0.9695250483341191	0.9633528152197879	0.9549171925967391	0.9425986954296295
52-53	0.9766676924365085	0.9807563458092143	0.9803130105149263	0.9811237141965623	0.9794403402939618	0.9784380703289272	0.9769923849662273	0.9749623041159041	0.9709426363890804	0.9649984011257784	0.9569046195093606	0.9449973157738248
53-54	0.977760360311368	0.981655250935492	0.981252454046609	0.9820010033730071	0.9803967767996624	0.9794659419977951	0.9781001089407375	0.9761565882897815	0.9722864032963088	0.9666116892386424	0.9588244859420182	0.947294138597714
54-55	0.9787826773513617	0.9825017502568368	0.9821081773037925	0.9828239917399195	0.9812919808805823	0.980403697565205	0.9791091199697887	0.9772431292721887	0.9735682825496107	0.9681228789558792	0.9605891273852851	0.9494592234541483
55-56	0.9797501811641899	0.9833081203182933	0.9829367497420828	0.9836201387310631	0.982148536358789	0.9813122742160425	0.9800760888726293	0.978290672058476	0.9747527511906785	0.9695660030760312	0.9623433749085576	0.9515724983194294
56-57	0.9806820060260023	0.9840724686880167	0.9837386753209952	0.9843771714805436	0.9829826244263821	0.9821911883218563	0.9809985570453875	0.9793185734175204	0.9759255638610517	0.9709393265936827	0.9640137872613486	0.9535764254646885
57-58	0.9815703831329486	0.9848117787287166	0.9844754011376002	0.985100652510313	0.983764676574057	0.9830246413532313	0.9818779996503865	0.9802431437897653	0.9769984682111849	0.9722296367752816	0.9655664474415709	0.9554944365442161
58-59	0.9824181898197883	0.9855049425467396	0.9851841572010994	0.9857874915303979	0.9845163453322494	0.9838058625118471	0.9826980669718777	0.9811674295036443	0.9780384860725724	0.9734824441475065	0.9670712408849768	0.9573223659305827
59-60	0.9832143483476978	0.9861696228393038	0.9858602818859751	0.9864385714807908	0.9852438005080191	0.9845595168487288	0.9834945316961982	0.9820272400976608	0.979047005060773	0.9746941452375704	0.9685153119536782	0.9590724501543623
60-61	0.9839535356473724	0.986805382891368	0.9864948299108286	0.987039235557618	0.9859196854096863	0.9852611005223351	0.9842371529957228	0.9828331079313509	0.9800032109424036	0.9758216318339862	0.9698542129634886	0.9607639552424159
61-62	0.9846859612103626	0.9874020326853065	0.9871052508738813	0.9876287745905409	0.9865572709430022	0.9859294750422734	0.9849640392304668	0.9835998352397382	0.980925975289065	0.9768958671103298	0.9711560514427925	0.962412762649318
62-63	0.9853663070142086	0.9879678212830068	0.9877026318844726	0.9882055992875732	0.987171108539711	0.9865767311198306	0.9856585948242946	0.9843396623325535	0.9818012831836124	0.977930063800153	0.9724451710463137	0.9639884112244912
63-64	0.9860303958766643	0.988511919700332	0.9882588771996177	0.9887430448609448	0.9877598012623654	0.9871864253876566	0.9863021343877794	0.9850471807008463	0.9826210864558041	0.9788941929635654	0.9736356851719928	0.9654442980110689
64-65	0.9866674377923823	0.9890290873567891	0.9887869637768387	0.9892506470625733	0.9882975057681871	0.9877609759880087	0.9869103929857015	0.9857231019905309	0.983412027324371	0.979819484698053	0.9747784693229607	0.9668345761656335
65-66	0.9872640531547315	0.9895229635443871	0.9892987346647479	0.9897404138763554	0.9888226378369817	0.9883073149286915	0.9875131197249117	0.9863772469152289	0.9841575931641622	0.9807223548240892	0.9758725661644809	0.9682149609550532
66-67	0.9878439799754766	0.9899884047304197	0.9897783151386097	0.9901931855044561	0.989298178626391	0.9888236689053829	0.9880690100603612	0.9869792993589782	0.984859865398516	0.9815739755593792	0.9768795455449951	0.9694815720453073
67-68	0.9883902419795374	0.9904352612652586	0.9902385561660673	0.9906385404366207	0.9897811697488536	0.9893195492776284	0.9886078130989006	0.9875520319910461	0.9855302224750154	0.982399704675386	0.9778578048834193	0.9707169409298407
68-69	0.9889016882330102	0.9908644551028795	0.9906716463746316	0.9910714459148925	0.9902466991532227	0.989796084511815	0.9891437887429871	0.9881172211764193	0.9861783777025726	0.9832015441014355	0.978823345346061	0.971921327960368
69-70	0.9893800451367505	0.9912640008415985	0.9910777117541815	0.9914744197274221	0.9906895283240705	0.9902436020389132	0.9896256751018907	0.9886424158613921	0.9867797702857951	0.9839278440609164	0.9797324030592591	0.9730757274617424
70-71	0.9898545176385657	0.9916535021343721	0.991471052155967	0.9918630899120748	0.9911209491724307	0.9906714520089847	0.9900799021672347	0.9891367251136715	0.9873825504845766	0.9846242485424621	0.9805918161282733	0.9741580095382452
71-72	0.9903030941275469	0.9920250495865668	0.9918584710334463	0.9922247421329603	0.9915265266780126	0.9910764102323529	0.9905408903932267	0.9896136702056346	0.9879450898321502	0.9852858194537351	0.9814375529867684	0.9752176410156006
72-73	0.9907162793989882	0.9923710734708036	0.9922131325424233	0.9925653803820267	0.9919002074452106	0.9914755649143036	0.9909460683113251	0.990081363900708	0.9884744651678665	0.9859367134086024	0.982232551104238	0.9762166105435153
73-74	0.9911267312024081	0.9927137006824983	0.9925555100382119	0.9928928628252064	0.9922501402758016	0.9918523114780025	0.9913489105557453	0.9905308394603677	0.9889724803919518	0.9865535745649275	0.9829774942912081	0.9771684564111348
74-75	0.9915151713949191	0.9930399753420983	0.9928893832171778	0.9932177847424082	0.9925939032993331	0.9922111637889969	0.9917220036933148	0.9909628085305283	0.9894724382778196	0.9871528187431836	0.9837225742402833	0.9780937464038918
75-76	0.9918922461151306	0.9933452876797252	0.9931953496379773	0.9935232819797772	0.9929241625942056	0.992536162108388	0.9920922694364315	0.9913614725718858	0.9899339592127062	0.987691871579704	0.9844059744799178	0.9789812853980698
76-77	0.9922507620261444	0.9936402644280459	0.9934882761063153	0.993815005353265	0.9932267159630367	0.9928648682459071	0.9924369656992799	0.9917484656202439	0.9903759147682124	0.988218779378313	0.985068176593248	0.9798511204756729
77-78	0.9925902875277466	0.9939202472932887	0.9937772338934694	0.9940903060428941	0.9935248456966175	0.993196637363619	0.9927776052657394	0.9921108357199568	0.9907981661827824	0.9887440856334614	0.9856965984665962	0.9806688852104084
78-79	0.9929145631551243	0.9941900886647991	0.9940569314245277	0.9943462703466897	0.9938003916081308	0.993491328300051	0.9931007887447082	0.9924572649511828	0.9911930815708423	0.989236693709618	0.9862921974346988	0.9814488989465648
79-80	0.9932197045063523	0.9944416365284764	0.9943168485446057	0.9945949062485484	0.9940776836914534	0.9937673189363594	0.9934040575323141	0.9927800675380442	0.991569541671969	0.9897128859653012	0.9868712481880734	0.9821914220358566
80-81	0.9935165015867783	0.9946867307143241	0.9945670014490724	0.9948326819885007	0.9943382125254064	0.9940445992485384	0.9936992129271425	0.9931109828883319	0.9919483607195457	0.9901578481234984	0.9874240406172514	0.982926655277147
81-82	0.9937907115893434	0.9949191601639797	0.9947952951095578	0.995061981504526	0.9945795334694567	0.9942938291105318	0.9939751912117696	0.9933983455086463	0.9922998437406124	0.9905845259938513	0.9879456512864462	0.9836017472724252
82-83	0.9940613249234593	0.9951398468314189	0.9950193681091015	0.9952741519846987	0.9948196902989674	0.9945390287354295	0.9942362949429714	0.9936906896503629	0.9926271822509544	0.9909829099297297	0.9884537225072271	0.9842385675656958
83-84	0.9943256081211047	0.9953570397785292	0.9952355667412168	0.9954763452429575	0.9950465762227273	0.9947847119887788	0.9944848597944262	0.9939641040107512	0.9929313475814628	0.9913791584743271	0.988940185315388	0.984871222231537
84-85	0.9945647146396059	0.995558219840799	0.9954426941020545	0.9956703271592869	0.9952562332513016	0.995004601724716	0.994727646926782	0.994218873248177	0.9932295461650681	0.9917472465464051	0.9894003897993524	0.9854697708228
85-86	0.9947902976847383	0.9957530432730259	0.995636214555976	0.9958559211456885	0.99546041894154	0.9952191715476871	0.9949543302037763	0.9944659567097253	0.993523165617329	0.9920929130100317	0.9898476018833238	0.9860477516286301
86-87	0.9950237934004588	0.9959335036327899	0.9958212936880141	0.9960395726641069	0.9956524978405671	0.9954231015447257	0.9951748669710908	0.994713751817188	0.9938051290988953	0.9924169586369371	0.9902811377567762	0.986607768166171
87-88	0.9952298105692275	0.9961056664067728	0.9960030970832019	0.9962082142026546	0.9958380576981726	0.99561252268822	0.9953786852320761	0.9949490219565539	0.9940755753713229	0.9927345980899993	0.9906895094028736	0.9871456548079932
88-89	0.9954277712006702	0.9962732679347708	0.9961743173285659	0.9963677614592805	0.9960138389936458	0.9958006541558437	0.995580782470351	0.995160807780738	0.9943310353957143	0.993033552869352	0.9910739476805628	0.9876666185883834
89-90	0.9956237176977812	0.9964340761176849	0.996342450821898	0.9965170666119947	0.9961846145965989	0.9959763724932129	0.9957762414781716	0.9953809910267144	0.9945713704105139	0.9933379795888625	0.9914549669056222	0.9881683163419126
90-91	0.9958137656586357	0.9965879453838348	0.9964943316208578	0.9966658420007134	0.996352945559019	0.9961375819770378	0.9959595303968259	0.9955747010446678	0.9947996331699512	0.993630661656327	0.9918094542822747	0.988644759979151
91-92	0.995995181615212	0.9967315761084654	0.9966390309967228	0.9968084368094854	0.9965099846104053	0.9963054010496997	0.9961320014584437	0.9957726809381088	0.9950183213820322	0.9938945159414967	0.9921393244799931	0.9891074049755295
92-93	0.9961630740984195	0.9968749642136288	0.9967810845851319	0.9969470583882916	0.9966574779225673	0.9964638699722996	0.9962913189893465	0.9959504500875752	0.9952223008691888	0.9941598383081722	0.9924578434229807	0.9895596359033345
93-94	0.9963233416445147	0.997006221345428	0.99691664969478	0.9970779100951647	0.9968076486981703	0.9966083136698068	0.9964464568936671	0.9961141286479326	0.9954226725558925	0.9943952651969125	0.9927592671028195	0.9899696898534167
94-95	0.9964847601245137	0.9971317526577994	0.9970433325179687	0.9972023163400933	0.9969403577556799	0.9967496943871214	0.9965943419165653	0.9962765262456437	0.9956191589190312	0.9946336282486642	0.9930556305847663	0.9903602174249236
95-96	0.9966375466002346	0.9972561193967279	0.9971732910780077	0.9973267225850219	0.9970742309277291	0.9968970398553374	0.9967349740580412	0.9964269681919895	0.9958114824354932	0.9948589120288193	0.9933440618646121	0.9907439758518578
96-97	0.9967817010716776	0.9973753426029499	0.9972891387716148	0.9974409750200379	0.9971939019023957	0.9970300376794929	0.9968784335939699	0.9965734249212136	0.9959900685579223	0.9950681803743662	0.9936118420665742	0.9910985748867861
97-98	0.996919957006864	0.9974856374127761	0.9974021516929479	0.9975451619391407	0.9973163667519571	0.9971493326975234	0.99700861666899	0.9967200239796207	0.9961576925174361	0.9952765144862276	0.9938805796032726	0.991449008294285
98-99	0.9970567742746707	0.9975936030757163	0.9975100620241872	0.9976482893302525	0.9974342915548143	0.9972702398103921	0.9971309322116199	0.9968579409578696	0.9963183783991555	0.9954803108916166	0.9941338630220845	0.9917856430609239
99-100	0.9971876930062207	0.9976956488236549	0.997615830527486	0.9977443532014252	0.9975385962175587	0.9973801846783608	0.9972447655708915	0.9969977082154965	0.9964732362955275	0.9956692930199931	0.9943695041293269	0.9921050946144165
100-101	0.9973134325352039	0.997793278897289	0.9977144176076901	0.9978361789606344	0.9976409218855858	0.9974888398704588	0.9973605658132606	0.997124096529929	0.9966172707905402	0.9958481320397844	0.9945902381671036	0.9924271496850525
101-102	0.9974296768594813	0.9978867844399792	0.9978121857536816	0.9979284461898398	0.997737892626731	0.9975960441772024	0.9974704654063371	0.9972453609937764	0.9967635254704471	0.9960181625705412	0.9948241013669785	0.9927213471222543
102-103	0.9975477914513522	0.9979722835402492	0.9979007566385167	0.9980131201351106	0.9978296248524481	0.997705021788268	0.9975809796503816	0.9973642058615141	0.9969054785421215	0.9961756476775216	0.9950271930931857	0.9930173670214566
103-104	0.9976495052350949	0.9980568121626501	0.9979938631589906	0.998098765314373	0.9979199601407178	0.9978025535259821	0.9976822741299063	0.9974740839907279	0.9970330004119834	0.9963332662464571	0.995237533210968	0.9932962037075125
104-105	0.9977451766158429	0.9981405158788622	0.9980772684587926	0.9981763757397046	0.9980079671999084	0.9978952489791815	0.9977793889828486	0.9975899399456244	0.9971635750360749	0.9964846121035045	0.9954337868319156	0.9935508276841349
105-106	0.997836388127714	0.9982213566853604	0.9981601068041398	0.9982541627530347	0.9980937624414737	0.9979842366142528	0.9978729388601766	0.9976901396903997	0.9972881829132632	0.996628617553023	0.9956178686255014	0.9937958186473269
106-107	0.9979293260404407	0.9982966657680046	0.998238661493606	0.9983244447764295	0.9981732714645255	0.9980666146604874	0.9979615715297606	0.9977900547768092	0.9974005797735331	0.9967756926275081	0.9957940182169861	0.9940434131276623
107-108	0.9980116178145578	0.9983654726489256	0.9983148223753738	0.9983929609198394	0.9982488224981428	0.99815270052485	0.9980487290370215	0.9978865539628285	0.9975085362640147	0.9969059514956546	0.9959693472358397	0.9942717415811366
108-109	0.998089449719798	0.9984352500077157	0.9983890934089589	0.9984584750672753	0.9983198334850558	0.9982350785710845	0.998126789709956	0.9979782139566287	0.9976099709613695	0.9970348757442505	0.9961333249999625	0.9944922594831809
109-110	0.9981691518926317	0.9984998838337995	0.9984561830194492	0.9985219584527285	0.9983907280605149	0.9983082676767411	0.9982060796848267	0.9980613341994536	0.9977097405200537	0.9971589953624639	0.9962983968609269	0.994706528944081
110-111	0.9982442503298504	0.9985621399891039	0.9985187369943007	0.998586236484175	0.9984577810579934	0.9983812955729138	0.998279960731179	0.998145593075742	0.9978031270471669	0.9972749738014182	0.9964541688987384	0.9949124671501223
111-112	0.9983118676966949	0.9986202716134646	0.9985814169590311	0.9986457466396625	0.9985205268316756	0.9984462629948953	0.9983516290340465	0.9982230201512502	0.9978952647202771	0.9973893506969116	0.9965879222376143	0.9951038256601606
112-113	0.9983850958663201	0.998676996044915	0.9986368525057273	0.9987038440911622	0.9985839710740815	0.9985084898556517	0.9984196094311061	0.9983020128477705	0.9979738037609103	0.9974906483208084	0.9967205814796486	0.9952957048736277
113-114	0.998450555232095	0.9987295959454217	0.9986909021637561	0.9987563790207098	0.9986443886186845	0.9985729736491816	0.9984869751771978	0.9983740314143278	0.9980609460180085	0.997589944015379	0.9968566597743127	0.9954821167010937
114-115	0.9985138565968005	0.9987792844123209	0.998742746998905	0.9988083841862619	0.9987015466425768	0.9986311702728424	0.998549546645739	0.9984393605092878	0.9981376811584152	0.9976881720143093	0.9969848058668758	0.9956471796879839
115-116	0.99857687022803	0.9988310108827453	0.9987951587885087	0.9988552682998582	0.9987518363906858	0.9986874323826973	0.9986133474162163	0.998499281095297	0.99821413877571	0.9977782588339803	0.9971091226204934	0.9958218756883046
116-117	0.9986361433240724	0.9988778364399306	0.9988451137754747	0.9989063905254179	0.998803988722058	0.9987375685321669	0.9986729685601112	0.9985647525194399	0.9982850459307692	0.9978730168220787	0.9972261909825361	0.9959827730477654
117-118	0.9986946970864249	0.9989241282342879	0.9988946277978648	0.9989479769990597	0.9988535800014432	0.9987865762152497	0.9987275495660687	0.9986238191303515	0.9983522065238194	0.9979580320874571	0.9973335492351102	0.996130392469795
118-119	0.9987512367144459	0.9989659558304472	0.9989377163364331	0.9989935367026673	0.9989022399891967	0.9988381632500737	0.9987789343869926	0.9986790428533242	0.9984172856935313	0.9980465173636673	0.997432017950847	0.9962819171675397
119-120	0.998802884873376	0.9990077834266066	0.9989807418800621	0.9990315914163396	0.9989500850967725	0.9988862036762535	0.9988315485098525	0.9987410983770771	0.9984790345859018	0.998122190292191	0.997533495432898	0.9964232881484252
120-121	0.9988493538297394	0.9990481067820688	0.9990223185400843	0.9990685866020209	0.9989919932201966	0.9989305362843053	0.9988804747269044	0.9987902019451843	0.9985357880622604	0.9981941262859727	0.997632784721266	0.9965581503364522
121-122	0.9988938086517712	0.9990874111357684	0.9990633912405911	0.9991088486656742	0.9990379757445091	0.9989782542915174	0.998924606666406	0.9988425790844987	0.9985946229619573	0.9982663292036645	0.9977333048685807	0.9966922314693363
122-123	0.9989422917424662	0.9991212322895074	0.9991021961232784	0.999141958915389	0.9990790689877556	0.9990211360142148	0.9989671405133909	0.9988925366277034	0.9986515151998718	0.9983401336648172	0.9978209693780075	0.9968255315470773
123-124	0.9989853078971184	0.9991565091600502	0.9991384182134493	0.9991772765150849	0.9991194637622782	0.9990561184722049	0.9990132393359901	0.9989375126495059	0.9987018856446596	0.998406330794531	0.9979080868390136	0.9969465950942444
124-125	0.9990268853843909	0.9991904758854696	0.9991732544149527	0.9992130355847769	0.9991560169588204	0.9990933578629685	0.9990561419735557	0.998983342646406	0.998760165498133	0.9984702590710086	0.9979859044768666	0.9970598480899815
125-126	0.9990632836690966	0.9992239573719545	0.9992061377733339	0.999244733130504	0.9991909403950071	0.9991272118545718	0.9990932668920223	0.9990246181094526	0.9988109522275883	0.9985295161790588	0.9980623544936679	0.9971741424925759
126-127	0.9990959414186151	0.999254964139873	0.9992383911823208	0.9992750179722432	0.999225631008286	0.999161065846175	0.999131252321844	0.9990640432931214	0.998857437348811	0.9985939783033567	0.998137300127312	0.9972803659920257
127-128	0.9991310449026791	0.9992852430493897	0.9992707075862471	0.9993045964619884	0.9992570621008541	0.9991925016955209	0.9991628453815986	0.9991041801227046	0.9988994821002454	0.998649231552755	0.9982111516641147	0.9973860687880469
128-129	0.9991634149187217	0.999315376387226	0.9993017010964454	0.999331349543758	0.9992877947246984	0.9992223254500285	0.9991961594640636	0.9991393354308857	0.9989418043747915	0.9987030167206474	0.9982795327167097	0.9974829196257806
129-130	0.999197367468882	0.9993415307657989	0.9993283479558233	0.9993581909195268	0.9993158498851018	0.9992526328329876	0.9992314404296262	0.9991730674472377	0.9989856530264524	0.9987535988016183	0.9983458623377268	0.997581853277229
130-131	0.9992316077525182	0.999368655622241	0.999354679840504	0.9993820302993215	0.999344370691321	0.9992806832831731	0.9992661067442208	0.9992105000223455	0.9990246450236572	0.9988005774098023	0.9984089096682194	0.997669591804961
131-132	0.9992611004338015	0.9993948100008139	0.9993787439073653	0.9994064877371108	0.9993697483882833	0.999306476800585	0.9992979456643626	0.9992426664176852	0.9990666897750915	0.9988515598766383	0.998469084994503	0.9977523836501204
132-133	0.9992904492483468	0.9994193145670093	0.9994023670096506	0.9994266187689375	0.9993931470905284	0.999335010879222	0.9993263425390837	0.9992746904838421	0.9991029065411785	0.9988961361696311	0.9985225589776323	0.9978416842881384
133-134	0.9993130363262076	0.9994434794659505	0.999427187015785	0.9994484273867497	0.9994173606729512	0.9993649958432135	0.9993483470437378	0.9993030139912431	0.999138568261042	0.998940845924579	0.9985850592597042	0.9979216122644401
134-135	0.9993423851407529	0.9994638109773086	0.9994499281889184	0.9994696179465672	0.9994407593751963	0.9993888548468196	0.9993758834071037	0.9993323338029245	0.9991736749346819	0.9989844879838863	0.9986412684849373	0.9980002384821701
135-136	0.9993677056866351	0.9994852585382163	0.9994736142861432	0.9994897489783938	0.9994612477910925	0.999413358688361	0.9994028051195016	0.9993592340184964	0.999207255231207	0.9990258611899574	0.9986926910364887	0.9980731369621847
136-137	0.9993912998316618	0.9995074339575258	0.9994956625149428	0.9995105863622143	0.9994817362069887	0.9994351219686773	0.999428989250738	0.999384568613056	0.9992459697053	0.9990628301515113	0.9987442503501454	0.9981403077044839
137-138	0.9994124482421429	0.999526697943228	0.9995162618601356	0.999530717394041	0.9995037379717863	0.9994570464584775	0.999454067010232	0.999409333890884	0.9992760809629279	0.9991003329608855	0.9987934847080138	0.9982202356807857
138-139	0.9994356107869556	0.999546253072291	0.9995357272964187	0.9995527908938509	0.9995234115075048	0.9994760691775689	0.9994764403054668	0.9994349531438096	0.9993061922205557	0.9991339653735627	0.9988346501016759	0.9982861046645132
139-140	0.9994543134628914	0.9995639642934024	0.9995550667428229	0.9995709794576942	0.9995420373401377	0.9994955755251117	0.9994978301591528	0.9994537405959549	0.9993361647166278	0.9991675977862399	0.9988760890195485	0.9983462459105252
140-141	0.9994753180066346	0.9995823063251289	0.9995733982701963	0.9995883733755444	0.999562292933126	0.999517338805428	0.9995209410355492	0.9994776518986854	0.9993611417966878	0.9992008298130518	0.9989184852721574	0.9984113338391097
141-142	0.9994980489512334	0.9995992896878386	0.9995904069038417	0.9996061204693916	0.99957800847941	0.9995391020857444	0.9995383971230402	0.9995001399095867	0.9993841762149653	0.9992320599105378	0.9989614285731871	0.9984761614159798
142-143	0.9995186218947627	0.9996154481443595	0.9996088014261546	0.9996220133892547	0.9995946553173257	0.9995563515005136	0.9995565907916927	0.9995220586037563	0.9994081819641342	0.9992640907797541	0.9990042351121117	0.9985342198482772
143-144	0.9995354543031049	0.9996305390752245	0.9996248021407692	0.999637199957124	0.9996094395719781	0.9995747293816696	0.9995750303207324	0.9995424116769138	0.9994326039979706	0.9992947870294198	0.9990444431710376	0.9985904558185742
144-145	0.9995509919108053	0.9996449991954744	0.9996389760021404	0.9996513269970023	0.9996250387068082	0.9995931072628256	0.999592855198804	0.9995606298123275	0.9994534182313539	0.9993193440291523	0.9990808218910181	0.9986422658097275
145-146	0.9995669611187197	0.9996586344095356	0.9996551657015732	0.9996658955068769	0.999641336310362	0.9996072936974022	0.9996080985428102	0.9995799865812046	0.9994752037956285	0.9993459029582109	0.9991151491794208	0.9986922533388803
146-147	0.9995853760611795	0.9996733371492529	0.9996685206287318	0.9996784332547689	0.9996525118099417	0.9996237370647524	0.9996219896546867	0.9995993433500817	0.9994957405059001	0.9993732626589998	0.9991500235162443	0.9987425012197476
147-148	0.999600625935404	0.9996862930288057	0.9996807416469807	0.99968991147467	0.9996662483615085	0.9996387295467482	0.9996358807665633	0.9996142879142883	0.9995154446468363	0.9993998215880584	0.9991801111793861	0.9987922283971862
148-149	0.9996165951433184	0.9996985210499567	0.9996930886551085	0.9997040385145484	0.9996798685016214	0.9996503366295836	0.9996511241105694	0.9996310827578728	0.9995351487877725	0.9994234443541055	0.9992127973225265	0.998840653816053
149-150	0.9996308379503771	0.9997088566392629	0.9997058766278123	0.999715693322448	0.9996925573501025	0.9996667799969338	0.9996661215941883	0.9996444617010672	0.9995529102669263	0.9994458659625569	0.9992431585098788	0.9988778841112034
150-151	0.9996439298235321	0.9997198715630775	0.9997166487624544	0.9997258471323606	0.999704664141314	0.9996796767556397	0.9996798897758713	0.9996599755820055	0.9995684515611858	0.9994653514079969	0.999271468265653	0.998915374758068
151-152	0.9996555830293075	0.9997313232019331	0.9997274838920359	0.9997371487642632	0.999715257583624	0.9996909614195075	0.9996936579575543	0.9996736391835658	0.9995859355172277	0.9994868387827628	0.9992970427793236	0.9989591138460768
152-153	0.9996702574365801	0.9997410765045178	0.9997385080064357	0.9997493333361583	0.9997245704999405	0.9997009564075047	0.9997043528843973	0.9996888684061381	0.9996042520426051	0.9995061907662477	0.9993241216761513	0.9990012908237996
153-154	0.999684068643425	0.9997511209504633	0.9997483352169864	0.9997597520280687	0.9997369101140597	0.9997086944627283	0.9997152936716275	0.9997029589952472	0.9996207646677558	0.9995252758258224	0.9993516108592945	0.9990346158432348
154-155	0.999697016649842	0.9997608257291545	0.9997580994325976	0.9997696409559835	0.9997456409731065	0.9997201403360798	0.9997256198078897	0.9997133490256003	0.9996339470155653	0.9995444943473523	0.9993758177519131	0.9990702840280992
155-156	0.9997082382554034	0.9997703849361653	0.999768178622906	0.999777587415915	0.9997554195352387	0.9997327146758181	0.9997365605951198	0.9997241660435021	0.9996500433560485	0.9995633124830169	0.9994015290276889	0.9991023072889628
156-157	0.9997197475944408	0.999780672001578	0.9997775018739413	0.9997880061078254	0.9997642668057394	0.9997428708732992	0.9997462720804141	0.9997354100489527	0.999664335796305	0.9995810629230409	0.9994243682992556	0.9991345909015407
157-158	0.9997285234654568	0.9997893577785067	0.9997860691857035	0.9997958642737577	0.9997739289564177	0.9997546391656184	0.9997546313335788	0.9997485043337813	0.999676824336335	0.999596811433739	0.9994451561392446	0.9991671348658329
158-159	0.9997423346723017	0.9997975097926074	0.9997941325379501	0.9998042522036854	0.9997823105811026	0.9997639893156802	0.999764342818873	0.9997593213516831	0.9996887578301414	0.9996110918629313	0.9994648498823919	0.9991939510924097
159-160	0.999753987878077	0.999805661806708	0.9998022588851363	0.9998123752516155	0.9997904593828795	0.9997731782562582	0.9997736855135865	0.9997685727485729	0.9997008300855038	0.9996284419170901	0.9994842701013289	0.9992251932981303
160-161	0.9997639146829967	0.9998129403907264	0.9998096292930493	0.9998190855955577	0.9997993066533801	0.9997838180821906	0.9997831511384935	0.9997782511330114	0.9997133186255338	0.999641788112597	0.9995017756507932	0.9992543526901362
161-162	0.9997744169548684	0.999820558641999	0.999816810716144	0.9998272086434877	0.9998078046895189	0.9997918785563819	0.9997908957406901	0.9997869332131696	0.999725529642452	0.9996544669983284	0.9995209223455198	0.999281949971856
162-163	0.9997823296254565	0.9998273034631895	0.9998245590936936	0.9998336541054322	0.9998147893767563	0.9998002614495407	0.9997986403428868	0.9997954729641447	0.9997353817129201	0.9996671458840598	0.9995393852297204	0.9993079851432899
163-164	0.9997896668290929	0.9998342909038472	0.9998315515319701	0.9998393932153828	0.9998204935380001	0.9998083219237319	0.9998061390846963	0.9998030164108395	0.9997463438758353	0.9996795578458811	0.9995579848760262	0.999331156445866
164-165	0.9997961408323014	0.9998403078666358	0.9998386699601254	0.9998452206193327	0.9998272454023295	0.9998163823979231	0.9998135148963122	0.9998114138326317	0.9997555021385239	0.9996946390468039	0.9995742595665438	0.9993592744310145
165-166	0.999802327102034	0.9998462763055309	0.9998451584388864	0.9998516660812772	0.9998350449697445	0.9998233144057276	0.9998218741494769	0.9998182456334118	0.9997660480167715	0.9997054494651644	0.9995909445433769	0.9993832267887336
166-167	0.9998105275060981	0.9998527299833606	0.9998508909783743	0.9998579349552232	0.9998400506622646	0.999831213670435	0.9998281435893503	0.9998279240178504	0.9997745124716807	0.9997158594976597	0.9996069457096841	0.999405877387881
167-168	0.9998172892427826	0.9998585043266819	0.9998570644824382	0.9998639389471715	0.9998470353495019	0.9998391129351425	0.9998349047499983	0.9998326208808868	0.9997835319728134	0.9997274706877507	0.9996240409728329	0.9994287883387427
168-169	0.9998252019133708	0.999863939002749	0.9998629230118049	0.9998695897631229	0.9998530887451076	0.9998454001050117	0.9998416659106462	0.9998385987065693	0.9997904700506078	0.9997388149539315	0.999639221566509	0.9994498768276041
169-170	0.999832826850483	0.9998691795832422	0.9998678996120197	0.9998741810510834	0.9998590257292593	0.9998510424369456	0.9998484270712941	0.9998442918738861	0.9997986569824053	0.9997478903668761	0.9996528977770279	0.9994712256681798
170-171	0.9998382937865258	0.9998742745920551	0.9998735691565682	0.9998789489270423	0.999865079124865	0.9998573296068147	0.9998549423715547	0.999851692991398	0.9998076764835381	0.9997583003993714	0.9996660269391262	0.9994915331018982
171-172	0.9998436168558306	0.9998793210769746	0.9998792387011167	0.9998830104510074	0.9998706668746549	0.9998629719387486	0.9998588761377498	0.9998568168419831	0.9998136432304413	0.9997668419644957	0.9996780620043829	0.9995105387770449
172-173	0.9998508101927289	0.9998837852751726	0.9998839003266343	0.999886895386974	0.9998757889786289	0.9998684530611986	0.9998636704153001	0.9998625100092999	0.9998216914006829	0.9997744492959346	0.9996902338317448	0.9995266805833338
173-174	0.9998559893952957	0.9998881039016903	0.9998874910381816	0.9998901622649459	0.999880794671149	0.9998747402310678	0.9998688334834313	0.9998672068723363	0.9998284907169215	0.9997803216219576	0.999701858610686	0.9995433430930515
174-175	0.9998624633985043	0.9998924710521013	0.9998917746940628	0.9998934291429178	0.9998842870147676	0.9998789316776473	0.9998730131100135	0.9998716190770068	0.9998352900331601	0.9997877954914415	0.999712662816996	0.9995600056027691
175-176	0.9998669232673812	0.999896692630832	0.9998958693651255	0.9998976672548813	0.9998891762958337	0.999883767962162	0.9998775615271767	0.9998760312816773	0.9998397304029485	0.99979460205115	0.9997220994022541	0.9995777095193441
176-177	0.9998731095371138	0.9999002833989478	0.9998995860665517	0.9999031414828341	0.999893832753992	0.9998898939225473	0.9998824787349205	0.999880158827982	0.9998468072422988	0.9998040778499598	0.9997330403706693	0.999591508160204
177-178	0.9998784326064186	0.9999045049776785	0.9999036177426751	0.9999062317728075	0.9998980235663344	0.9998932793217077	0.9998857978501476	0.99988542500775	0.999852773989202	0.999812085567264	0.9997431607664534	0.9996050464493496
178-179	0.9998834679422475	0.9999084839369419	0.9999076494187985	0.9999094986507794	0.9999019815557689	0.9998976319777709	0.9998889940351812	0.9998902641999693	0.9998583244514376	0.9998192925128376	0.9997521870653959	0.9996193657936382
179-180	0.9998880716778624	0.9999115409422297	0.9999113661202247	0.9999136484687436	0.9999037277275783	0.9999023070528018	0.9998936653825379	0.9998953880505544	0.9998645687214527	0.9998260990725462	0.9997606663159178	0.9996303005656404
180-181	0.9998925315467394	0.9999152772820258	0.9999144528722567	0.9999174451107109	0.9999079185399207	0.9999073045468004	0.9998973532883458	0.9998999425844078	0.9998681765219058	0.9998315710127039	0.9997696926148603	0.9996401939307852
181-182	0.9998959843484506	0.9999179460961659	0.9999174766293492	0.9999205354006843	0.9999117601179012	0.9999102063175093	0.9999016558451218	0.9999036431431637	0.9998716455608031	0.9998386444963225	0.9997785821516976	0.9996503476476444
182-183	0.9999000126171137	0.999920614910306	0.9999212563257148	0.9999238905726554	0.9999142047584343	0.9999137529261534	0.9999057125415105	0.9999076283602855	0.9998765022152593	0.9998437160506152	0.9997866511159038	0.9996605013645036
183-184	0.9999037531523008	0.9999233322483396	0.9999237131283525	0.9999279520966204	0.9999169986333293	0.9999176219537652	0.9999108756096416	0.9999107596023097	0.9998812201081595	0.9998503891483685	0.9997958141769515	0.9996745603570778
184-185	0.999907493687488	0.9999265833492011	0.999926295920869	0.9999315721505893	0.9999195596853163	0.9999211685624093	0.999913825934288	0.9999140331735168	0.9998871868550627	0.9998565283983016	0.9998023787580006	0.9996857554807943
185-186	0.999911665822889	0.9999293006872347	0.9999283117589307	0.999934397558565	0.9999222371487573	0.999924231542602	0.9999173909099024	0.9999160257820776	0.9998921822710747	0.999861066104774	0.9998078492422082	0.9996995541216542
186-187	0.9999155502248142	0.9999319209774814	0.9999315245008416	0.9999367814965444	0.9999263115496457	0.9999268108943432	0.9999209558855168	0.999919014694919	0.9998959288330836	0.9998672053547071	0.9998152343958885	0.999708666431656
187-188	0.9999181398260976	0.9999340560287935	0.9999346112528735	0.9999393420225223	0.9999293382474486	0.9999295514555683	0.9999234144893887	0.9999214342910285	0.9998991203488691	0.9998733446046402	0.9998204313558857	0.9997209029622299
188-189	0.9999213048943328	0.9999364336995729	0.9999368160757535	0.9999414610785041	0.9999321321223436	0.9999321308073095	0.9999256272328735	0.9999255618373332	0.9999024506262104	0.9998781492350226	0.9998272694611452	0.9997292342170887
189-190	0.9999240383623542	0.9999382290836307	0.9999397768379066	0.9999431386644897	0.9999343439399687	0.999934387740083	0.9999277170461647	0.999927696775077	0.9999067522344429	0.999882953865405	0.9998336972800891	0.9997404293408052
190-191	0.9999272034305895	0.999940703802197	0.9999419186658471	0.9999452577204715	0.9999365557575939	0.9999368058823404	0.999930667370811	0.9999308280171012	0.9999098049886724	0.9998866908001469	0.9998390310021915	0.999748760595664
191-192	0.9999305123655627	0.9999431299968699	0.9999437455190905	0.9999471118944555	0.999938767575219	0.9999387403961463	0.9999320196029406	0.999932962954845	0.9999127189813461	0.9998909615827091	0.9998449117727147	0.9997578729056658
192-193	0.99993353356706	0.9999454106198623	0.9999460133369099	0.9999489660684395	0.9999413286272061	0.9999413197478875	0.9999339864860383	0.9999358095385034	0.9999181306820258	0.9998953658272263	0.9998510660674482	0.9997651627536672
193-194	0.9999359793016055	0.9999477397667482	0.9999482181597898	0.9999505553604259	0.9999436568562852	0.9999442215185963	0.999936813880491	0.9999379444762472	0.9999207671515877	0.9998975012185074	0.9998574938863921	0.9997716715465257
194-195	0.999937993435937	0.9999496807224865	0.9999501710029121	0.9999525861224083	0.9999461014968183	0.999946317241886	0.9999385349032014	0.9999389407805276	0.9999235423827055	0.9999027062347551	0.9998622805600738	0.9997797424496702
195-196	0.9999413023709103	0.9999510879153967	0.9999517458763978	0.999955058354387	0.9999478476686277	0.9999492190125948	0.9999417310882349	0.9999406487307226	0.9999264563753792	0.9999057758597216	0.999866793709545	0.999789635814815
196-197	0.9999434603719798	0.9999535141100695	0.9999533837448229	0.999956912528371	0.9999498266633449	0.9999508311074331	0.9999440667619133	0.9999426413392835	0.9999286765602735	0.9999091124085984	0.9998717171453319	0.9997987481248167
197-198	0.9999459061065252	0.9999550668746601	0.9999552105980662	0.9999585901143566	0.9999523877153319	0.9999529268307228	0.999946279505398	0.9999453455937589	0.9999311742682795	0.9999111143379243	0.9998775979158551	0.9998042155108178
198-199	0.9999476325073808	0.9999564740675703	0.9999572894310673	0.9999591198783521	0.9999543667100491	0.9999540552971096	0.9999476317375277	0.9999467688855881	0.9999336719762855	0.9999140505009358	0.9998823845895367	0.9998107243036762
199-200	0.9999502221086642	0.9999581238799478	0.9999586753197347	0.9999607091703384	0.9999552980016808	0.9999564734393669	0.9999503362017869	0.9999479075190515	0.999935475876512	0.999916185892217	0.9998864874526924	0.999816712393106
200-201	0.9999520923762578	0.9999598222162187	0.999960187198281	0.9999615921103308	0.9999562292933125	0.9999584079531728	0.9999521801546908	0.9999496154692465	0.9999378348229621	0.999920056288914	0.9998910006021636	0.9998208780205354
201-202	0.9999536749103755	0.9999614720285962	0.9999616990768272	0.9999625633443224	0.99995762623076	0.9999595364195596	0.9999535323868204	0.9999513234194416	0.999940471292524	0.9999232593758356	0.9998948299411089	0.9998255643513935
202-203	0.9999559767781829	0.999963364460441	0.9999625810059791	0.9999637994603118	0.9999589067567535	0.999960987304914	0.9999550075491436	0.9999528890404538	0.9999422751927505	0.9999249943812515	0.999898522517949	0.9998320731442519
203-204	0.9999571277120867	0.9999643349383102	0.9999639668946465	0.9999652121642996	0.9999607693400168	0.9999621157713008	0.9999567285718539	0.9999540276739172	0.9999442178545329	0.9999272632344877	0.9999031724295254	0.9998378008819674
204-205	0.9999588541129423	0.9999657421312204	0.9999651008035562	0.9999662716922905	0.9999622826889182	0.9999637278661391	0.9999586954549515	0.9999554509657463	0.9999457442316477	0.9999303328594542	0.9999063179579448	0.9998435286196828
205-206	0.9999604366470599	0.9999668581807698	0.9999661717175264	0.999967596102279	0.9999635632149116	0.9999642114945906	0.9999599247568876	0.999956162611661	0.9999472706087625	0.9999324682507353	0.9999087796758382	0.999849777060827
206-207	0.9999612998474877	0.9999682168497865	0.9999676835960727	0.9999691853942654	0.9999646109179973	0.9999655011704612	0.9999628750815339	0.9999581552202218	0.9999490745089891	0.999933936332241	0.9999131560632043	0.999854463391685
207-208	0.9999624507813915	0.9999697210904837	0.9999688175049823	0.9999700683342577	0.9999660078554448	0.999966629636848	0.9999643502438571	0.999959720841234	0.999950462124548	0.9999378067289381	0.9999167118779393	0.9998607118328292
208-209	0.9999640333155091	0.9999710797595004	0.9999698254240131	0.9999716576262441	0.9999671719699843	0.9999679193127187	0.9999655795457931	0.9999617134497948	0.9999518497401069	0.999939675196309	0.9999198574063587	0.9998648774602586
209-210	0.9999654719828888	0.9999725840001975	0.9999705813632863	0.999972717154235	0.9999684524959778	0.9999693701980731	0.9999671776383099	0.9999639907167215	0.9999532373556658	0.9999419440495452	0.9999224558863573	0.9998693034394024
210-211	0.9999666229167925	0.9999735544780667	0.9999717782671355	0.9999738649762251	0.9999693837876095	0.999971304711879	0.9999684069402459	0.9999655563377337	0.9999546249712247	0.999943545593006	0.9999260117010923	0.9998713862531171
211-212	0.9999677738506962	0.9999742338125751	0.9999728491811057	0.999974924504216	0.9999698494334253	0.9999727555972334	0.9999695133119882	0.9999669796295628	0.9999558738252277	0.999945547522332	0.9999288837053013	0.9998765932874039
212-213	0.9999684931843861	0.9999755439576984	0.9999736681153183	0.9999765137962023	0.999970547902149	0.9999740452731041	0.9999703738233434	0.9999682605922091	0.9999569839176747	0.9999471490657929	0.9999313454231947	0.9998823210251193
213-214	0.999969068651338	0.999976562959461	0.999974802024228	0.9999770435601978	0.9999714791937807	0.9999753349489747	0.999971726055473	0.9999688299089408	0.999959204102569	0.999949284457074	0.9999342174274037	0.9998857055974057
214-215	0.9999700757185037	0.9999774849134367	0.9999758099432587	0.999977485030194	0.9999721776625045	0.9999763022058776	0.9999728324272154	0.9999702532007699	0.9999607304796838	0.9999504856146696	0.9999359953347712	0.9998893505214065
215-216	0.9999707950521936	0.9999785524390927	0.9999770068471079	0.9999783679701864	0.9999725268968663	0.9999763022058776	0.9999740617291514	0.9999716764925991	0.9999622568567986	0.9999516867722652	0.999938730576875	0.9998935161488359
216-217	0.9999713705191454	0.9999796199647487	0.9999776997914416	0.999978986028181	0.999973574599952	0.9999772694627805	0.9999751681008937	0.9999726727968795	0.9999633669492457	0.9999540890874564	0.999940918770558	0.999898983534837
217-218	0.9999725214530492	0.9999803478231506	0.9999782667458964	0.9999796040861757	0.9999749715373994	0.9999780755101997	0.9999763974028297	0.9999743807470746	0.9999647545648046	0.9999560910167824	0.9999440642989774	0.9999023681071234
218-219	0.9999736723869529	0.9999810756815525	0.9999789596902301	0.999980487026168	0.9999757864175771	0.9999792039765865	0.9999777496349593	0.9999760886972696	0.999965448372584	0.999957158712423	0.99994597896845	0.9999054923276954
219-220	0.9999748233208566	0.9999819005877413	0.9999797786244427	0.9999809284961643	0.9999768341206627	0.999979687605038	0.9999784872161209	0.9999765156848184	0.999966835988143	0.9999588937178389	0.9999472098273967	0.9999088768999819
220-221	0.9999752549210705	0.9999823373027824	0.9999803455788975	0.9999818114361566	0.9999782310581102	0.9999806548619409	0.9999786101463145	0.999977227330733	0.9999680848421459	0.9999602283373895	0.9999487142105538	0.9999133028791256
221-222	0.9999762619882363	0.9999829195895039	0.9999809125333523	0.9999825177881505	0.9999790459382879	0.99998146090936	0.9999794706576697	0.9999773696599159	0.9999690561730372	0.9999624971906257	0.999950355355816	0.9999164270996976
222-223	0.9999768374551882	0.9999837930195862	0.9999815424827466	0.9999836656101406	0.9999796279955577	0.9999827505852307	0.9999803311690248	0.9999779389766476	0.9999703050270402	0.9999642321960416	0.999951859738973	0.999918249561698
223-224	0.9999778445223539	0.9999844238302011	0.9999822984220198	0.9999842836681353	0.9999803264642815	0.9999832342136822	0.9999813146105736	0.999978935280928	0.9999715538810432	0.9999652998916821	0.9999537744084457	0.9999216341339844
224-225	0.9999784199893058	0.9999848605452423	0.9999831803511717	0.9999846368441323	0.9999809085215513	0.9999840402611013	0.9999822980521224	0.9999799315852084	0.9999723864503786	0.9999662341253677	0.9999556890779183	0.9999234565959847
225-226	0.9999795709232095	0.9999850546408161	0.9999835583208083	0.9999854314901254	0.9999813741673671	0.9999851687274881	0.999983035633284	0.9999799315852084	0.9999732190197139	0.999967034897098	0.9999574669852858	0.999925279057985
226-227	0.9999804341236374	0.9999857339753245	0.999984251265142	0.9999859612541209	0.9999825382819066	0.9999862971938749	0.9999838961446391	0.9999803585727571	0.9999740515890493	0.9999685029786037	0.999959108130548	0.999926841168271
227-228	0.9999810095905892	0.9999860736425787	0.9999851331942939	0.9999865793121155	0.9999827711048146	0.9999866196128425	0.9999848795861879	0.9999813548770375	0.9999751616814964	0.9999698375981544	0.9999618433726518	0.999930746443986
228-229	0.999981872791017	0.999986413309833	0.9999856371538094	0.9999869324881125	0.9999835859849923	0.9999872644507778	0.9999854942371559	0.9999817818645863	0.9999759942508317	0.9999706383698848	0.9999632109937037	0.9999333499611295
229-230	0.9999823043912309	0.9999868500248741	0.9999862041082642	0.9999873739581088	0.9999838188079002	0.9999874256602617	0.9999867235390919	0.9999822088521351	0.9999771043432788	0.9999715726035703	0.99996416832844	0.9999369948851302
230-231	0.9999833114583967	0.9999871411682348	0.9999866450728402	0.9999881686041019	0.9999846336880779	0.9999877480792293	0.9999873381900599	0.9999836321439642	0.9999780756741701	0.9999721064513906	0.9999653991873867	0.9999390776988449
231-232	0.9999837430586106	0.9999876749310629	0.999987212027295	0.9999885217800989	0.9999852157453477	0.9999887153361322	0.9999877069806407	0.9999843437898789	0.9999791857666172	0.9999731741470311	0.9999670403326489	0.9999419415677027
232-233	0.9999841746588245	0.9999884027894648	0.999987652991871	0.9999889632500951	0.9999854485682557	0.9999888765456161	0.9999881987014151	0.9999846284482448	0.9999802958590642	0.9999738414568065	0.9999684079537008	0.999943764029703
233-234	0.9999844623923004	0.9999886939328255	0.9999879049716287	0.9999891398380936	0.9999855649797096	0.999989843802519	0.9999888133523831	0.9999860517400739	0.9999809896668437	0.9999742418426717	0.9999701858610682	0.9999479296571324
234-235	0.9999848939925143	0.9999889850761863	0.9999882199463258	0.999989669602089	0.9999860306255254	0.999989843802519	0.9999890592127703	0.9999866210568056	0.9999812671899555	0.9999750426144021	0.9999719637684357	0.9999500124708471
235-236	0.9999856133262042	0.999989276219547	0.9999887239058413	0.9999899344840867	0.9999864962713412	0.9999904886404543	0.9999895509335447	0.999987617361086	0.9999816834746231	0.9999763772339527	0.9999733313894875	0.9999505331742758
236-237	0.9999856133262042	0.9999896158868012	0.9999890388805384	0.9999902876600837	0.999986961917157	0.9999912946878734	0.9999897967939319	0.9999879020194519	0.9999823772824026	0.999977044543728	0.9999740152000135	0.9999510538777046
237-238	0.9999860449264181	0.9999901011257358	0.9999896688299327	0.9999909940120776	0.9999871947400649	0.999991617106841	0.9999901655845126	0.9999883290070006	0.999983071090182	0.9999779787774136	0.9999753828210654	0.9999526159879906
238-239	0.9999860449264181	0.9999908289841377	0.9999900467995693	0.9999913471880746	0.9999877767973347	0.9999917783163249	0.9999902885147062	0.9999884713361835	0.9999833486132939	0.9999791799350092	0.9999759298694861	0.9999539177465623
239-240	0.999986476526632	0.9999912656991788	0.999990298779327	0.9999917886580708	0.9999882424431505	0.9999922619447764	0.9999906573052869	0.9999887559945494	0.9999837648979615	0.9999797137828295	0.9999767504421173	0.999955219505134
240-241	0.9999869081268459	0.9999917509381134	0.9999909287287213	0.9999917886580708	0.9999885916775124	0.9999922619447764	0.9999909031656741	0.9999887559945494	0.9999841811826291	0.9999803810926048	0.9999774342526433	0.9999573023188487
241-242	0.9999871958603218	0.9999919935575807	0.9999910547186002	0.9999919652460693	0.9999889409118743	0.999992584363744	0.9999911490260612	0.9999898946280128	0.9999844587057409	0.9999813153262903	0.9999775710147485	0.9999580833739917
242-243	0.9999876274605357	0.9999923817487284	0.9999914956831761	0.9999925833040639	0.9999895229691441	0.9999929067827117	0.9999913948864484	0.9999903216155616	0.9999852912750763	0.9999821160980207	0.9999788018736951	0.999959124780849
243-244	0.9999877713272737	0.9999925758443022	0.999991621673055	0.9999930247740602	0.999990105026414	0.999993551620647	0.9999913948864484	0.9999910332614762	0.9999862626059676	0.999982916869751	0.9999793489221159	0.9999609472428493
244-245	0.9999883467942255	0.9999928184637695	0.9999919366477521	0.9999935545380556	0.9999905706722297	0.9999938740396146	0.9999920095374164	0.9999916025782078	0.999986956413747	0.9999833172556163	0.9999794856842211	0.999962249001421
245-246	0.9999886345277015	0.9999930125593434	0.9999919996426915	0.9999938194200533	0.9999912691409535	0.9999938740396146	0.99999213246761	0.9999921718949395	0.9999875114599706	0.9999835841795264	0.9999797592084315	0.9999638111117071
246-247	0.9999890661279154	0.9999931581310237	0.9999922516224492	0.9999939960080517	0.9999913855524074	0.9999940352490985	0.9999926241883844	0.9999923142241224	0.9999880665061941	0.9999837176414814	0.9999804430189575	0.9999651128702788
247-248	0.9999897854616052	0.999993400750491	0.9999925036022069	0.9999941725960502	0.9999916183753154	0.9999940352490985	0.999992747118578	0.9999924565533053	0.9999883440293059	0.9999842514893017	0.9999808533052731	0.9999674560357078
248-249	0.9999903609285571	0.9999936433699583	0.9999925665971463	0.9999943491840486	0.9999919676096772	0.9999941964585823	0.9999928700487716	0.9999927412116711	0.9999888990755295	0.9999846518751669	0.9999816738779043	0.9999679767391365
249-250	0.999990504795295	0.999994031561106	0.9999928815718434	0.9999945257720471	0.999992433255493	0.99999451887755	0.9999929929789652	0.9999927412116711	0.9999891765986413	0.9999850522610322	0.999982220926325	0.9999684974425652
250-251	0.999990504795295	0.9999942256566798	0.9999931965465405	0.9999946140660463	0.999992433255493	0.99999451887755	0.9999931159091587	0.999993025870037	0.9999894541217531	0.9999859864947177	0.9999831782610614	0.9999700595528512
251-252	0.999990648662033	0.9999943712283602	0.9999935115212376	0.9999947023600455	0.999992549666947	0.99999451887755	0.9999933617695459	0.9999933105284029	0.9999898704064207	0.999986653804493	0.9999839988336926	0.9999711009597085
252-253	0.999990792528771	0.999994565323934	0.999993574516177	0.9999947023600455	0.9999930153127627	0.9999946800870338	0.9999937305601266	0.9999935951867688	0.9999900091679766	0.9999870541903583	0.9999848194063238	0.9999718820148515
253-254	0.9999915118624608	0.9999947108956144	0.9999938894908741	0.9999947906540447	0.9999932481356707	0.9999950025060015	0.9999938534903202	0.9999938798451347	0.9999904254526443	0.9999871876523133	0.9999852296926394	0.9999734441251376
254-255	0.9999915118624608	0.9999947594195079	0.9999941414706318	0.9999950555360424	0.9999934809585787	0.999995486134453	0.9999939764205138	0.9999941645035005	0.9999907029757561	0.9999877215001336	0.9999853664547446	0.9999737044768519
255-256	0.9999917995959368	0.9999950505628686	0.9999945194402684	0.9999950555360424	0.9999935973700326	0.9999956473439369	0.999994222280901	0.9999941645035005	0.9999909804988679	0.9999886557338191	0.9999859135031653	0.9999742251802806
256-257	0.9999922311961507	0.9999951476106556	0.9999945824352078	0.9999951438300416	0.9999939466043944	0.9999961309723884	0.999994222280901	0.9999944491618664	0.9999911192604238	0.9999889226577292	0.9999860502652705	0.9999757872905666
257-258	0.9999923750628886	0.9999952931823359	0.9999946454301472	0.9999954970060386	0.9999944122502102	0.999996453391356	0.999994222280901	0.9999945914910493	0.9999913967835357	0.9999894565055495	0.9999868708379017	0.9999770890491383
258-259	0.9999928066631025	0.9999955358018032	0.9999949604048443	0.9999955853000378	0.9999945286616642	0.9999966146008399	0.9999943452110945	0.9999945914910493	0.9999916743066475	0.9999899903533698	0.9999874178863225	0.9999778701042813
259-260	0.9999929505298405	0.9999957298973771	0.9999950233997836	0.9999955853000378	0.9999945286616642	0.9999966146008399	0.9999943452110945	0.9999945914910493	0.9999923681144269	0.9999901238153248	0.9999878281726381	0.9999781304559956
260-261	0.9999930943965785	0.9999958754690574	0.9999953383744807	0.9999956735940371	0.9999946450731181	0.9999972594387752	0.9999945910714817	0.9999945914910493	0.9999925068759828	0.9999903907392349	0.9999885119831641	0.9999791718628529
261-262	0.9999932382633164	0.9999960695646313	0.9999957163441173	0.9999959384760347	0.999994877896026	0.9999975818577428	0.9999949598620624	0.999995160807781	0.9999929231606505	0.9999909245870552	0.9999890590315849	0.9999802132697102
262-263	0.9999936698635303	0.9999962151363117	0.9999958423339962	0.9999962033580324	0.99999499430748	0.9999975818577428	0.9999952057224496	0.9999953031369638	0.999993478206874	0.9999915918968305	0.9999893325557953	0.9999804736214245
263-264	0.9999939575970063	0.999996457755779	0.999995968323875	0.9999962916520316	0.9999952271303879	0.9999975818577428	0.9999952057224496	0.9999955877953297	0.999993478206874	0.9999918588207406	0.9999900163663212	0.9999807339731388
264-265	0.9999939575970063	0.999996457755779	0.9999961573086933	0.9999964682400301	0.9999954599532959	0.9999975818577428	0.9999954515828368	0.9999955877953297	0.9999937557299858	0.9999922592066058	0.9999902898905316	0.9999812546765675
265-266	0.9999939575970063	0.9999966033274593	0.9999961573086933	0.9999968214160271	0.9999955763647498	0.9999975818577428	0.9999954515828368	0.9999957301245126	0.9999940332530977	0.9999923926685609	0.9999908369389524	0.9999817753799962
266-267	0.9999939575970063	0.9999966033274593	0.9999961573086933	0.9999969980040255	0.9999955763647498	0.9999977430672267	0.9999958203734175	0.9999960147828785	0.9999941720146536	0.9999925261305159	0.9999913839873732	0.9999825564351392
267-268	0.9999941014637442	0.9999967003752462	0.9999962203036327	0.9999970862980248	0.9999955763647498	0.9999979042767105	0.9999959433036111	0.9999961571120614	0.9999944495377654	0.9999929265163812	0.9999917942736888	0.9999835978419965
268-269	0.9999941014637442	0.9999968459469266	0.9999964722833904	0.9999970862980248	0.9999955763647498	0.9999979042767105	0.9999961891639982	0.9999964417704272	0.9999944495377654	0.9999930599783362	0.9999922045600044	0.9999841185454252
269-270	0.9999948207974341	0.9999968944708201	0.9999967242631481	0.999997174592024	0.9999958091876577	0.9999979042767105	0.9999963120941918	0.999996868757976	0.9999947270608772	0.9999931934402913	0.9999924780842148	0.9999843788971395
270-271	0.999994964664172	0.9999970400425005	0.9999967872580875	0.9999973511800224	0.9999960420105657	0.9999979042767105	0.9999964350243854	0.9999970110871589	0.9999948658224331	0.9999933269022463	0.99999261484632	0.9999848996005682
271-272	0.999994964664172	0.9999972341380743	0.9999969762429057	0.9999974394740216	0.9999960420105657	0.9999980654861944	0.9999964350243854	0.9999970110871589	0.999995004583989	0.9999935938261564	0.9999930251326355	0.99998620135914
272-273	0.999994964664172	0.9999972826619677	0.9999969762429057	0.9999974394740216	0.9999961584220196	0.9999980654861944	0.9999964350243854	0.9999971534163418	0.999995004583989	0.9999938607500665	0.9999935721810563	0.99998620135914
273-274	0.999994964664172	0.9999973311858612	0.9999969762429057	0.9999976160620201	0.9999962748334735	0.9999980654861944	0.999996557954579	0.9999971534163418	0.999995143345545	0.9999942611359317	0.9999935721810563	0.99998620135914
274-275	0.999994964664172	0.9999973311858612	0.999997165227724	0.9999976160620201	0.9999963912449275	0.9999980654861944	0.9999966808847726	0.9999972957455247	0.9999952821071009	0.9999942611359317	0.9999939824673719	0.999986982414283
275-276	0.999995252397648	0.9999973311858612	0.9999974172074817	0.9999977043560193	0.9999963912449275	0.9999980654861944	0.9999968038149661	0.9999972957455247	0.9999954208686568	0.999994661521797	0.9999943927536875	0.9999888048762833
276-277	0.9999955401311239	0.9999973311858612	0.9999974172074817	0.9999978809440178	0.9999965076563814	0.9999982266956783	0.9999968038149661	0.9999974380747075	0.9999956983917686	0.999994794983752	0.9999943927536875	0.9999890652279976
277-278	0.9999959717313378	0.9999974767575416	0.9999976061922999	0.999997969238017	0.9999967404792893	0.9999982266956783	0.9999969267451597	0.9999975804038904	0.9999958371533245	0.9999951953696172	0.9999943927536875	0.9999895859314263
278-279	0.9999961155980758	0.999997525281435	0.9999976691872393	0.9999981458260154	0.9999967404792893	0.9999983879051622	0.9999969267451597	0.9999977227330733	0.9999958371533245	0.9999953288315723	0.9999943927536875	0.999990106634855
279-280	0.9999962594648137	0.9999975738053285	0.9999977321821787	0.9999982341200147	0.9999968568907432	0.9999983879051622	0.9999969267451597	0.9999977227330733	0.9999958371533245	0.9999954622935273	0.9999946662778979	0.9999903669865693
280-281	0.9999964033315517	0.9999976708531154	0.9999978581720576	0.9999982341200147	0.9999969733021972	0.9999983879051622	0.9999969267451597	0.9999977227330733	0.9999959759148804	0.9999957292174374	0.9999946662778979	0.9999906273382836
281-282	0.9999964033315517	0.9999977193770089	0.9999978581720576	0.9999983224140139	0.9999969733021972	0.9999987103241298	0.9999970496753533	0.9999977227330733	0.9999959759148804	0.9999958626793924	0.9999950765642135	0.9999908876899979
282-283	0.9999968349317656	0.9999977679009023	0.9999979841619364	0.9999983224140139	0.9999970897136511	0.9999987103241298	0.9999971726055469	0.9999977227330733	0.9999959759148804	0.9999959961413475	0.9999953500884239	0.9999911480417122
283-284	0.9999972665319795	0.9999979134725827	0.9999981731467547	0.9999983224140139	0.9999970897136511	0.9999987103241298	0.9999971726055469	0.9999977227330733	0.9999961146764363	0.9999959961413475	0.9999954868505291	0.9999911480417122
284-285	0.9999974103987175	0.9999980105203696	0.9999982991366335	0.9999984107080131	0.999997322536559	0.9999987103241298	0.9999972955357405	0.9999977227330733	0.9999963921995482	0.9999961296033025	0.9999956236126343	0.9999916687451409
285-286	0.9999975542654554	0.9999980590442631	0.9999982991366335	0.9999984990020123	0.999997438948013	0.9999987103241298	0.999997418465934	0.9999977227330733	0.9999965309611041	0.9999963965272126	0.9999956236126343	0.9999916687451409
286-287	0.9999976981321934	0.9999983016637304	0.9999982991366335	0.9999984990020123	0.999997438948013	0.9999987103241298	0.9999975413961276	0.9999978650622562	0.99999666972266	0.9999966634511227	0.9999956236126343	0.9999916687451409
287-288	0.9999976981321934	0.9999983501876238	0.9999982991366335	0.9999984990020123	0.9999975553594669	0.9999987103241298	0.9999975413961276	0.9999978650622562	0.99999666972266	0.9999966634511227	0.9999957603747395	0.9999921894485696
288-289	0.9999976981321934	0.9999984472354108	0.9999983621315729	0.9999984990020123	0.9999975553594669	0.9999987103241298	0.9999977872565148	0.9999980073914391	0.9999968084842159	0.9999967969130777	0.9999957603747395	0.9999921894485696
289-290	0.9999976981321934	0.9999984472354108	0.9999983621315729	0.9999984990020123	0.9999975553594669	0.9999987103241298	0.9999977872565148	0.9999980073914391	0.9999968084842159	0.9999967969130777	0.9999958971368447	0.9999924498002839
290-291	0.9999976981321934	0.9999985442831977	0.9999984251265123	0.9999984990020123	0.9999977881823748	0.9999987103241298	0.9999979101867084	0.9999980073914391	0.9999968084842159	0.9999967969130777	0.9999960338989499	0.9999924498002839
291-292	0.9999978419989314	0.9999985928070911	0.9999985511163911	0.9999984990020123	0.9999979045938288	0.9999987103241298	0.9999979101867084	0.9999980073914391	0.9999970860073277	0.9999970638369878	0.9999960338989499	0.9999927101519982
292-293	0.9999979858656693	0.9999985928070911	0.9999985511163911	0.9999986755900108	0.9999979045938288	0.9999987103241298	0.9999980331169019	0.9999980073914391	0.9999970860073277	0.9999971972989429	0.9999960338989499	0.9999929705037125
293-294	0.9999979858656693	0.9999985928070911	0.9999986141113305	0.9999986755900108	0.9999979045938288	0.9999987103241298	0.9999980331169019	0.9999980073914391	0.9999973635304396	0.9999977311467632	0.9999960338989499	0.9999929705037125
294-295	0.9999979858656693	0.9999986413309846	0.9999986771062699	0.9999986755900108	0.9999979045938288	0.9999987103241298	0.9999980331169019	0.9999980073914391	0.9999975022919955	0.9999978646087182	0.9999960338989499	0.9999929705037125
295-296	0.9999981297324073	0.9999987383787715	0.9999987401012093	0.9999988521780092	0.9999979045938288	0.9999987103241298	0.9999984019074827	0.999998149720622	0.9999975022919955	0.9999978646087182	0.9999960338989499	0.9999934912071412
296-297	0.9999981297324073	0.9999987383787715	0.9999987401012093	0.9999989404720084	0.9999980210052827	0.9999988715336137	0.9999984019074827	0.999998149720622	0.9999976410535514	0.9999979980706732	0.9999961706610551	0.9999937515588555
297-298	0.9999981297324073	0.9999988354265584	0.9999988660910881	0.9999990287660077	0.9999980210052827	0.9999988715336137	0.9999984019074827	0.9999982920498048	0.999998057338219	0.9999979980706732	0.9999961706610551	0.9999937515588555
298-299	0.9999984174658832	0.9999988839504519	0.9999989290860275	0.9999990287660077	0.9999983702396446	0.9999990327430975	0.9999986477678698	0.9999982920498048	0.999998057338219	0.9999982649945833	0.9999961706610551	0.9999940119105698
299-300	0.9999984174658832	0.9999988839504519	0.9999989290860275	0.9999990287660077	0.9999984866510985	0.9999991939525814	0.999998893628257	0.9999982920498048	0.999998057338219	0.9999982649945833	0.9999961706610551	0.9999945326139985
300-301	0.9999985613326212	0.9999988839504519	0.9999989920809669	0.9999991170600069	0.9999984866510985	0.9999993551620653	0.999998893628257	0.9999982920498048	0.9999981960997749	0.9999982649945833	0.9999964441852655	0.9999950533174272
301-302	0.9999988490660972	0.9999989324743453	0.9999989920809669	0.9999992053540061	0.9999986030625524	0.9999993551620653	0.999998893628257	0.9999982920498048	0.9999981960997749	0.9999983984565384	0.9999964441852655	0.9999950533174272
302-303	0.9999988490660972	0.9999989324743453	0.9999989920809669	0.9999992053540061	0.9999986030625524	0.9999993551620653	0.999998893628257	0.9999982920498048	0.9999983348613308	0.9999983984565384	0.9999967177094758	0.9999950533174272
303-304	0.9999988490660972	0.9999989809982388	0.9999990550759063	0.9999992053540061	0.9999986030625524	0.9999993551620653	0.999998893628257	0.9999982920498048	0.9999983348613308	0.9999983984565384	0.999996854471581	0.9999953136691415
304-305	0.9999989929328351	0.9999989809982388	0.9999990550759063	0.9999992053540061	0.9999986030625524	0.9999995163715492	0.999998893628257	0.9999982920498048	0.9999983348613308	0.9999983984565384	0.9999969912336862	0.9999953136691415
305-306	0.9999989929328351	0.9999989809982388	0.9999990550759063	0.9999992053540061	0.9999987194740063	0.9999995163715492	0.999998893628257	0.9999982920498048	0.9999983348613308	0.9999985319184934	0.9999969912336862	0.9999953136691415
306-307	0.9999989929328351	0.9999990295221323	0.9999990550759063	0.9999992053540061	0.9999987194740063	0.9999995163715492	0.999998893628257	0.9999984343789877	0.9999983348613308	0.9999985319184934	0.9999969912336862	0.9999955740208558
307-308	0.9999989929328351	0.9999990295221323	0.9999990550759063	0.9999992053540061	0.9999987194740063	0.9999995163715492	0.999998893628257	0.9999984343789877	0.9999983348613308	0.9999985319184934	0.9999972647578966	0.9999955740208558
308-309	0.9999989929328351	0.9999990295221323	0.9999991180708456	0.9999992053540061	0.9999988358854602	0.9999995163715492	0.999998893628257	0.9999984343789877	0.9999984736228867	0.9999985319184934	0.9999972647578966	0.9999955740208558
309-310	0.9999989929328351	0.9999990295221323	0.9999991180708456	0.9999992936480053	0.9999988358854602	0.999999677581033	0.999998893628257	0.9999984343789877	0.9999986123844427	0.9999986653804485	0.9999974015200018	0.9999955740208558
310-311	0.9999989929328351	0.9999991265699192	0.9999991180708456	0.9999992936480053	0.9999988358854602	0.999999677581033	0.999998893628257	0.9999984343789877	0.9999986123844427	0.9999987988424035	0.9999974015200018	0.9999955740208558
311-312	0.9999989929328351	0.9999991265699192	0.9999991180708456	0.9999992936480053	0.9999988358854602	0.999999677581033	0.9999990165584506	0.9999987190373536	0.9999986123844427	0.9999989323043585	0.999997538282107	0.9999958343725701
312-313	0.9999989929328351	0.9999991265699192	0.9999991180708456	0.9999992936480053	0.9999988358854602	0.999999677581033	0.9999990165584506	0.9999987190373536	0.9999986123844427	0.9999989323043585	0.999997538282107	0.9999960947242844
313-314	0.9999989929328351	0.9999991265699192	0.999999181065785	0.9999993819420046	0.9999988358854602	0.999999677581033	0.9999990165584506	0.9999988613665365	0.9999986123844427	0.9999989323043585	0.9999976750442122	0.9999963550759987
314-315	0.9999989929328351	0.9999991265699192	0.9999992440607244	0.9999994702360038	0.9999988358854602	0.999999677581033	0.9999990165584506	0.9999988613665365	0.9999986123844427	0.9999990657663136	0.9999976750442122	0.9999963550759987
315-316	0.9999989929328351	0.9999991265699192	0.9999993070556638	0.9999994702360038	0.9999988358854602	0.999999677581033	0.9999991394886442	0.9999990036957194	0.9999988899075545	0.9999990657663136	0.9999979485684226	0.9999963550759987
316-317	0.9999989929328351	0.9999991265699192	0.9999993070556638	0.9999994702360038	0.9999988358854602	0.999999677581033	0.9999991394886442	0.9999990036957194	0.9999988899075545	0.9999990657663136	0.9999980853305278	0.9999971361311417
317-318	0.9999991367995731	0.9999992236177061	0.9999993700506031	0.9999994702360038	0.9999988358854602	0.9999998387905169	0.9999991394886442	0.9999990036957194	0.9999988899075545	0.9999990657663136	0.9999980853305278	0.9999971361311417
318-319	0.9999991367995731	0.9999992721415996	0.9999993700506031	0.9999994702360038	0.9999989522969142	0.9999998387905169	0.9999991394886442	0.9999990036957194	0.9999990286691104	0.9999990657663136	0.999998222092633	0.999997396482856
319-320	0.999999280666311	0.9999992721415996	0.999999496040482	0.9999994702360038	0.9999990687083681	0.9999998387905169	0.9999991394886442	0.9999991460249023	0.9999991674306663	0.9999990657663136	0.999998222092633	0.999997396482856
320-321	0.999999280666311	0.9999992721415996	0.9999995590354214	0.9999994702360038	0.9999990687083681	0.9999998387905169	0.9999992624188377	0.9999991460249023	0.9999991674306663	0.9999990657663136	0.999998222092633	0.9999979171862847
321-322	0.999999280666311	0.999999320665493	0.9999996220303607	0.9999994702360038	0.9999990687083681	0.9999998387905169	0.9999992624188377	0.9999991460249023	0.9999991674306663	0.9999990657663136	0.9999983588547382	0.9999979171862847
322-323	0.999999280666311	0.9999993691893865	0.9999996850253001	0.999999558530003	0.9999990687083681	0.9999998387905169	0.9999992624188377	0.9999991460249023	0.9999991674306663	0.9999991992282686	0.9999983588547382	0.9999979171862847
323-324	0.999999280666311	0.9999993691893865	0.9999996850253001	0.999999558530003	0.9999990687083681	0.9999998387905169	0.9999992624188377	0.9999991460249023	0.9999993061922222	0.9999991992282686	0.9999983588547382	0.9999979171862847
324-325	0.999999280666311	0.9999993691893865	0.9999996850253001	0.999999558530003	0.999999185119822	1.0000000000000007	0.9999993853490313	0.9999991460249023	0.9999993061922222	0.9999991992282686	0.9999983588547382	0.9999979171862847
325-326	0.999999280666311	0.9999994662371734	0.9999996850253001	0.999999558530003	0.999999185119822	1.0000000000000007	0.9999993853490313	0.9999991460249023	0.9999993061922222	0.9999991992282686	0.9999983588547382	0.9999979171862847
326-327	0.999999280666311	0.9999995147610669	0.9999996850253001	0.999999558530003	0.999999185119822	1.0000000000000007	0.9999993853490313	0.9999992883540851	0.9999993061922222	0.9999991992282686	0.9999983588547382	0.9999979171862847
327-328	0.999999280666311	0.9999996118088538	0.9999996850253001	0.999999558530003	0.999999185119822	1.0000000000000007	0.9999993853490313	0.9999992883540851	0.9999993061922222	0.9999991992282686	0.9999983588547382	0.999998177537999
328-329	0.999999280666311	0.9999996118088538	0.9999996850253001	0.999999558530003	0.999999185119822	1.0000000000000007	0.9999993853490313	0.9999992883540851	0.9999994449537781	0.9999995996141339	0.9999983588547382	0.999998177537999
329-330	0.999999280666311	0.9999996118088538	0.9999996850253001	0.9999996468240022	0.999999185119822	1.0000000000000007	0.9999993853490313	0.9999992883540851	0.9999994449537781	0.9999995996141339	0.9999983588547382	0.999998177537999
330-331	0.999999280666311	0.9999996118088538	0.9999996850253001	0.9999997351180014	0.999999185119822	1.0000000000000007	0.9999993853490313	0.9999992883540851	0.9999994449537781	0.9999995996141339	0.9999983588547382	0.999998177537999
331-332	0.999999280666311	0.9999996118088538	0.9999996850253001	0.9999997351180014	0.9999993015312759	1.0000000000000007	0.9999993853490313	0.9999992883540851	0.9999994449537781	0.9999995996141339	0.9999983588547382	0.9999984378897133
332-333	0.999999280666311	0.9999996118088538	0.9999996850253001	0.9999997351180014	0.9999993015312759	1.0000000000000007	0.9999993853490313	0.9999992883540851	0.9999994449537781	0.9999995996141339	0.9999983588547382	0.9999984378897133
333-334	0.999999280666311	0.9999996118088538	0.9999996850253001	0.9999997351180014	0.9999993015312759	1.0000000000000007	0.9999993853490313	0.9999992883540851	0.9999994449537781	0.9999995996141339	0.9999984956168434	0.9999984378897133
334-335	0.999999280666311	0.9999996118088538	0.9999997480202395	0.9999997351180014	0.9999993015312759	1.0000000000000007	0.9999993853490313	0.9999992883540851	0.9999994449537781	0.9999995996141339	0.9999986323789486	0.9999984378897133
335-336	0.999999280666311	0.9999996603327472	0.9999997480202395	0.9999997351180014	0.9999993015312759	1.0000000000000007	0.9999993853490313	0.999999430683268	0.999999583715334	0.9999995996141339	0.9999986323789486	0.9999984378897133
336-337	0.999999280666311	0.9999996603327472	0.9999997480202395	0.9999997351180014	0.9999993015312759	1.0000000000000007	0.9999993853490313	0.999999430683268	0.999999583715334	0.9999995996141339	0.9999986323789486	0.9999986982414276
337-338	0.999999280666311	0.9999997088566407	0.9999997480202395	0.9999997351180014	0.9999994179427298	1.0000000000000007	0.9999993853490313	0.999999430683268	0.999999583715334	0.9999995996141339	0.9999986323789486	0.9999986982414276
338-339	0.999999280666311	0.9999997088566407	0.9999997480202395	0.9999997351180014	0.9999994179427298	1.0000000000000007	0.9999993853490313	0.999999430683268	0.999999583715334	0.9999995996141339	0.9999986323789486	0.9999986982414276
339-340	0.999999280666311	0.9999997088566407	0.9999998110151789	0.9999997351180014	0.9999994179427298	1.0000000000000007	0.9999993853490313	0.999999430683268	0.999999583715334	0.9999995996141339	0.9999987691410538	0.9999986982414276
340-341	0.999999280666311	0.9999997088566407	0.9999998740101183	0.9999998234120007	0.9999994179427298	1.0000000000000007	0.9999993853490313	0.999999430683268	0.999999583715334	0.9999995996141339	0.9999987691410538	0.9999986982414276
341-342	0.999999280666311	0.9999997088566407	0.9999998740101183	0.9999998234120007	0.9999994179427298	1.0000000000000007	0.9999993853490313	0.999999430683268	0.999999583715334	0.9999995996141339	0.9999987691410538	0.9999986982414276
342-343	0.999999280666311	0.9999997088566407	0.9999998740101183	0.9999998234120007	0.9999995343541838	1.0000000000000007	0.9999993853490313	0.999999430683268	0.99999972247689	0.9999995996141339	0.999998905903159	0.9999986982414276
343-344	0.999999280666311	0.9999997088566407	0.9999998740101183	0.9999998234120007	0.9999995343541838	1.0000000000000007	0.9999993853490313	0.999999430683268	0.99999972247689	0.9999995996141339	0.999998905903159	0.9999989585931419
344-345	0.999999280666311	0.9999997088566407	0.9999998740101183	0.9999998234120007	0.9999995343541838	1.0000000000000007	0.9999993853490313	0.999999430683268	0.99999972247689	0.9999995996141339	0.9999990426652642	0.9999989585931419
345-346	0.999999280666311	0.9999997088566407	0.9999998740101183	0.9999998234120007	0.9999995343541838	1.0000000000000007	0.9999993853490313	0.999999430683268	0.99999972247689	0.9999995996141339	0.9999990426652642	0.9999989585931419
346-347	0.999999280666311	0.9999997088566407	0.9999999370050576	0.9999999117059999	0.9999995343541838	1.0000000000000007	0.9999993853490313	0.999999430683268	0.99999972247689	0.9999995996141339	0.9999990426652642	0.9999989585931419
347-348	0.999999280666311	0.9999997088566407	0.9999999370050576	0.9999999117059999	0.9999996507656377	1.0000000000000007	0.9999995082792249	0.999999430683268	0.99999972247689	0.9999997330760889	0.9999990426652642	0.9999989585931419
348-349	0.999999280666311	0.9999997088566407	0.9999999370050576	0.9999999117059999	0.9999996507656377	1.0000000000000007	0.9999995082792249	0.999999430683268	0.99999972247689	0.9999997330760889	0.9999990426652642	0.9999989585931419
349-350	0.999999280666311	0.9999997088566407	0.9999999370050576	0.9999999117059999	0.9999996507656377	1.0000000000000007	0.9999996312094185	0.9999995730124509	0.99999972247689	0.9999997330760889	0.9999990426652642	0.9999989585931419
350-351	0.999999280666311	0.9999997088566407	0.9999999370050576	0.9999999117059999	0.9999996507656377	1.0000000000000007	0.9999996312094185	0.9999995730124509	0.99999972247689	0.9999997330760889	0.9999990426652642	0.9999992189448562
351-352	0.999999280666311	0.9999997088566407	0.9999999370050576	0.9999999117059999	0.9999997671770916	1.0000000000000007	0.9999996312094185	0.9999995730124509	0.99999972247689	0.9999997330760889	0.9999991794273694	0.9999992189448562
352-353	0.999999280666311	0.9999997088566407	0.9999999370050576	0.9999999117059999	0.9999997671770916	1.0000000000000007	0.9999996312094185	0.9999995730124509	0.99999972247689	0.9999997330760889	0.9999991794273694	0.9999992189448562
353-354	0.999999280666311	0.9999997088566407	0.9999999370050576	0.9999999117059999	0.9999997671770916	1.0000000000000007	0.9999996312094185	0.9999995730124509	0.99999972247689	0.9999997330760889	0.9999993161894746	0.9999992189448562
354-355	0.999999280666311	0.9999997573805341	0.9999999370050576	0.9999999117059999	0.9999997671770916	1.0000000000000007	0.9999996312094185	0.9999997153416338	0.99999972247689	0.9999997330760889	0.9999993161894746	0.9999992189448562
355-356	0.999999280666311	0.9999997573805341	0.9999999370050576	0.9999999117059999	0.9999997671770916	1.0000000000000007	0.9999996312094185	0.9999997153416338	0.99999972247689	0.9999997330760889	0.9999993161894746	0.9999992189448562
356-357	0.999999280666311	0.9999997573805341	0.999999999999997	0.9999999117059999	0.9999997671770916	1.0000000000000007	0.9999996312094185	0.9999998576708167	0.99999972247689	0.9999997330760889	0.9999993161894746	0.9999992189448562
357-358	0.999999424533049	0.9999997573805341	0.999999999999997	0.9999999117059999	0.9999997671770916	1.0000000000000007	0.9999996312094185	0.9999998576708167	0.99999972247689	0.9999997330760889	0.9999993161894746	0.9999992189448562
358-359	0.999999424533049	0.9999997573805341	0.999999999999997	0.9999999117059999	0.9999997671770916	1.0000000000000007	0.9999996312094185	0.9999998576708167	0.99999972247689	0.9999997330760889	0.9999993161894746	0.9999992189448562
359-360	0.999999424533049	0.9999997573805341	0.999999999999997	0.9999999117059999	0.9999997671770916	1.0000000000000007	0.9999997541396121	0.9999998576708167	0.99999972247689	0.9999997330760889	0.9999993161894746	0.9999992189448562
360-361	0.999999424533049	0.9999997573805341	0.999999999999997	0.9999999117059999	0.9999997671770916	1.0000000000000007	0.9999998770698056	0.9999998576708167	0.99999972247689	0.9999997330760889	0.9999993161894746	0.9999992189448562
361-362	0.999999424533049	0.9999997573805341	0.999999999999997	0.9999999117059999	0.9999997671770916	1.0000000000000007	0.9999998770698056	0.9999998576708167	0.99999972247689	0.9999997330760889	0.9999994529515798	0.9999992189448562
362-363	0.999999424533049	0.9999997573805341	0.999999999999997	0.9999999117059999	0.9999997671770916	1.0000000000000007	0.9999998770698056	0.9999998576708167	0.99999972247689	0.9999997330760889	0.9999994529515798	0.9999992189448562
363-364	0.999999424533049	0.9999997573805341	0.999999999999997	0.9999999117059999	0.9999997671770916	1.0000000000000007	0.9999998770698056	0.9999998576708167	0.99999972247689	0.999999866538044	0.9999994529515798	0.9999992189448562
364-365	0.999999424533049	0.9999997573805341	0.999999999999997	0.9999999117059999	0.9999997671770916	1.0000000000000007	0.9999998770698056	0.9999998576708167	0.99999972247689	0.999999866538044	0.9999994529515798	0.9999992189448562
365-366	0.999999424533049	0.9999997573805341	0.999999999999997	0.9999999117059999	0.9999997671770916	1.0000000000000007	0.9999998770698056	0.9999998576708167	0.99999972247689	0.999999866538044	0.9999994529515798	0.9999992189448562
366-367	0.999999424533049	0.9999998059044276	0.999999999999997	0.9999999117059999	0.9999997671770916	1.0000000000000007	0.9999998770698056	0.9999998576708167	0.99999972247689	0.999999866538044	0.9999994529515798	0.9999992189448562
367-368	0.999999568399787	0.9999998059044276	0.999999999999997	0.9999999117059999	0.9999997671770916	1.0000000000000007	0.9999998770698056	0.9999998576708167	0.99999972247689	0.999999866538044	0.9999994529515798	0.9999992189448562
368-369	0.999999568399787	0.9999998059044276	0.999999999999997	0.9999999117059999	0.9999997671770916	1.0000000000000007	0.9999998770698056	0.9999998576708167	0.99999972247689	0.999999866538044	0.999999589713685	0.9999992189448562
369-370	0.999999568399787	0.9999998059044276	0.999999999999997	0.9999999117059999	0.9999997671770916	1.0000000000000007	0.9999998770698056	0.9999998576708167	0.99999972247689	0.999999866538044	0.999999589713685	0.9999992189448562
370-371	0.999999568399787	0.9999998059044276	0.999999999999997	0.9999999999999991	0.9999997671770916	1.0000000000000007	0.9999998770698056	0.9999998576708167	0.99999972247689	0.999999866538044	0.999999589713685	0.9999992189448562
371-372	0.999999568399787	0.9999998059044276	0.999999999999997	0.9999999999999991	0.9999997671770916	1.0000000000000007	0.9999999999999992	0.9999998576708167	0.99999972247689	0.999999866538044	0.999999589713685	0.9999992189448562
372-373	0.999999712266525	0.9999998059044276	0.999999999999997	0.9999999999999991	0.9999997671770916	1.0000000000000007	0.9999999999999992	0.9999998576708167	0.99999972247689	0.999999866538044	0.999999589713685	0.9999992189448562
373-374	0.999999712266525	0.9999998059044276	0.999999999999997	0.9999999999999991	0.9999997671770916	1.0000000000000007	0.9999999999999992	0.9999998576708167	0.99999972247689	0.999999866538044	0.999999589713685	0.9999992189448562
374-375	0.999999712266525	0.9999998059044276	0.999999999999997	0.9999999999999991	0.9999997671770916	1.0000000000000007	0.9999999999999992	0.9999998576708167	0.99999972247689	0.999999866538044	0.999999589713685	0.9999992189448562
375-376	0.999999712266525	0.9999998059044276	0.999999999999997	0.9999999999999991	0.9999997671770916	1.0000000000000007	0.9999999999999992	0.9999998576708167	0.99999972247689	0.999999866538044	0.999999589713685	0.9999992189448562
376-377	0.999999712266525	0.9999998059044276	0.999999999999997	0.9999999999999991	0.9999997671770916	1.0000000000000007	0.9999999999999992	0.9999998576708167	0.99999972247689	0.999999866538044	0.999999589713685	0.9999992189448562
377-378	0.999999712266525	0.9999998059044276	0.999999999999997	0.9999999999999991	0.9999997671770916	1.0000000000000007	0.9999999999999992	0.9999998576708167	0.99999972247689	0.999999866538044	0.999999589713685	0.9999992189448562
378-379	0.999999712266525	0.9999998059044276	0.999999999999997	0.9999999999999991	0.9999997671770916	1.0000000000000007	0.9999999999999992	0.9999998576708167	0.99999972247689	0.999999866538044	0.999999589713685	0.9999992189448562
379-380	0.999999712266525	0.9999998544283211	0.999999999999997	0.9999999999999991	0.9999997671770916	1.0000000000000007	0.9999999999999992	0.9999998576708167	0.99999972247689	0.999999866538044	0.999999589713685	0.9999992189448562
380-381	0.999999712266525	0.9999998544283211	0.999999999999997	0.9999999999999991	0.9999997671770916	1.0000000000000007	0.9999999999999992	0.9999998576708167	0.99999972247689	0.999999866538044	0.999999589713685	0.9999992189448562
381-382	0.999999712266525	0.9999998544283211	0.999999999999997	0.9999999999999991	0.9999997671770916	1.0000000000000007	0.9999999999999992	0.9999999999999996	0.99999972247689	0.999999866538044	0.999999589713685	0.9999992189448562
382-383	0.999999712266525	0.9999998544283211	0.999999999999997	0.9999999999999991	0.9999998835885455	1.0000000000000007	0.9999999999999992	0.9999999999999996	0.99999972247689	0.999999866538044	0.999999589713685	0.9999992189448562
383-384	0.999999712266525	0.9999998544283211	0.999999999999997	0.9999999999999991	0.9999998835885455	1.0000000000000007	0.9999999999999992	0.9999999999999996	0.99999972247689	0.999999866538044	0.999999589713685	0.9999992189448562
384-385	0.999999712266525	0.9999998544283211	0.999999999999997	0.9999999999999991	0.9999998835885455	1.0000000000000007	0.9999999999999992	0.9999999999999996	0.99999972247689	0.999999866538044	0.999999589713685	0.9999992189448562
385-386	0.9999998561332629	0.9999998544283211	0.999999999999997	0.9999999999999991	0.9999998835885455	1.0000000000000007	0.9999999999999992	0.9999999999999996	0.99999972247689	0.999999999999999	0.999999589713685	0.9999992189448562
386-387	0.9999998561332629	0.9999998544283211	0.999999999999997	0.9999999999999991	0.9999998835885455	1.0000000000000007	0.9999999999999992	0.9999999999999996	0.99999972247689	0.999999999999999	0.999999589713685	0.9999992189448562
387-388	0.9999998561332629	0.9999998544283211	0.999999999999997	0.9999999999999991	0.9999998835885455	1.0000000000000007	0.9999999999999992	0.9999999999999996	0.99999972247689	0.999999999999999	0.999999589713685	0.9999992189448562
388-389	0.9999998561332629	0.9999999029522145	0.999999999999997	0.9999999999999991	0.9999998835885455	1.0000000000000007	0.9999999999999992	0.9999999999999996	0.99999972247689	0.999999999999999	0.999999589713685	0.9999992189448562
389-390	0.9999998561332629	0.9999999029522145	0.999999999999997	0.9999999999999991	0.9999998835885455	1.0000000000000007	0.9999999999999992	0.9999999999999996	0.99999972247689	0.999999999999999	0.999999589713685	0.9999992189448562
390-391	0.9999998561332629	0.999999951476108	0.999999999999997	0.9999999999999991	0.9999998835885455	1.0000000000000007	0.9999999999999992	0.9999999999999996	0.99999972247689	0.999999999999999	0.999999589713685	0.9999992189448562
391-392	0.9999998561332629	0.999999951476108	0.999999999999997	0.9999999999999991	0.9999998835885455	1.0000000000000007	0.9999999999999992	0.9999999999999996	0.99999972247689	0.999999999999999	0.999999589713685	0.9999992189448562
392-393	0.9999998561332629	0.999999951476108	0.999999999999997	0.9999999999999991	0.9999998835885455	1.0000000000000007	0.9999999999999992	0.9999999999999996	0.99999972247689	0.999999999999999	0.999999589713685	0.9999992189448562
393-394	0.9999998561332629	1.0000000000000013	0.999999999999997	0.9999999999999991	0.9999998835885455	1.0000000000000007	0.9999999999999992	0.9999999999999996	0.99999972247689	0.999999999999999	0.999999589713685	0.9999992189448562
394-395	0.9999998561332629	1.0000000000000013	0.999999999999997	0.9999999999999991	0.9999999999999994	1.0000000000000007	0.9999999999999992	0.9999999999999996	0.99999972247689	0.999999999999999	0.999999589713685	0.9999992189448562
395-396	0.9999998561332629	1.0000000000000013	0.999999999999997	0.9999999999999991	0.9999999999999994	1.0000000000000007	0.9999999999999992	0.9999999999999996	0.99999972247689	0.999999999999999	0.999999589713685	0.9999992189448562
396-397	0.9999998561332629	1.0000000000000013	0.999999999999997	0.9999999999999991	0.9999999999999994	1.0000000000000007	0.9999999999999992	0.9999999999999996	0.99999972247689	0.999999999999999	0.999999589713685	0.9999992189448562
397-398	0.9999998561332629	1.0000000000000013	0.999999999999997	0.9999999999999991	0.9999999999999994	1.0000000000000007	0.9999999999999992	0.9999999999999996	0.99999972247689	0.999999999999999	0.999999589713685	0.9999992189448562
398-399	0.9999998561332629	1.0000000000000013	0.999999999999997	0.9999999999999991	0.9999999999999994	1.0000000000000007	0.9999999999999992	0.9999999999999996	0.99999972247689	0.999999999999999	0.999999589713685	0.9999992189448562
399-400	0.9999998561332629	1.0000000000000013	0.999999999999997	0.9999999999999991	0.9999999999999994	1.0000000000000007	0.9999999999999992	0.9999999999999996	0.99999972247689	0.999999999999999	0.999999589713685	0.9999992189448562
400-401	0.9999998561332629	1.0000000000000013	0.999999999999997	0.9999999999999991	0.9999999999999994	1.0000000000000007	0.9999999999999992	0.9999999999999996	0.99999972247689	0.999999999999999	0.999999589713685	0.9999992189448562
401-402	0.9999998561332629	1.0000000000000013	0.999999999999997	0.9999999999999991	0.9999999999999994	1.0000000000000007	0.9999999999999992	0.9999999999999996	0.99999972247689	0.999999999999999	0.999999589713685	0.9999992189448562
402-403	0.9999998561332629	1.0000000000000013	0.999999999999997	0.9999999999999991	0.9999999999999994	1.0000000000000007	0.9999999999999992	0.9999999999999996	0.99999972247689	0.999999999999999	0.999999589713685	0.9999992189448562
403-404	0.9999998561332629	1.0000000000000013	0.999999999999997	0.9999999999999991	0.9999999999999994	1.0000000000000007	0.9999999999999992	0.9999999999999996	0.99999972247689	0.999999999999999	0.999999589713685	0.9999992189448562
404-405	0.9999998561332629	1.0000000000000013	0.999999999999997	0.9999999999999991	0.9999999999999994	1.0000000000000007	0.9999999999999992	0.9999999999999996	0.99999972247689	0.999999999999999	0.999999589713685	0.9999992189448562
405-406	0.9999998561332629	1.0000000000000013	0.999999999999997	0.9999999999999991	0.9999999999999994	1.0000000000000007	0.9999999999999992	0.9999999999999996	0.99999972247689	0.999999999999999	0.999999589713685	0.9999992189448562
406-407	1.0000000000000009	1.0000000000000013	0.999999999999997	0.9999999999999991	0.9999999999999994	1.0000000000000007	0.9999999999999992	0.9999999999999996	0.99999972247689	0.999999999999999	0.9999997264757902	0.9999994792965705
407-408	1.0000000000000009	1.0000000000000013	0.999999999999997	0.9999999999999991	0.9999999999999994	1.0000000000000007	0.9999999999999992	0.9999999999999996	0.99999972247689	0.999999999999999	0.9999997264757902	0.9999994792965705
408-409	1.0000000000000009	1.0000000000000013	0.999999999999997	0.9999999999999991	0.9999999999999994	1.0000000000000007	0.9999999999999992	0.9999999999999996	0.99999972247689	0.999999999999999	0.9999997264757902	0.9999994792965705
409-410	1.0000000000000009	1.0000000000000013	0.999999999999997	0.9999999999999991	0.9999999999999994	1.0000000000000007	0.9999999999999992	0.9999999999999996	0.99999972247689	0.999999999999999	0.9999997264757902	0.9999994792965705
410-411	1.0000000000000009	1.0000000000000013	0.999999999999997	0.9999999999999991	0.9999999999999994	1.0000000000000007	0.9999999999999992	0.9999999999999996	0.99999972247689	0.999999999999999	0.9999997264757902	0.9999994792965705
411-412	1.0000000000000009	1.0000000000000013	0.999999999999997	0.9999999999999991	0.9999999999999994	1.0000000000000007	0.9999999999999992	0.9999999999999996	0.99999972247689	0.999999999999999	0.9999997264757902	0.9999994792965705
412-413	1.0000000000000009	1.0000000000000013	0.999999999999997	0.9999999999999991	0.9999999999999994	1.0000000000000007	0.9999999999999992	0.9999999999999996	0.99999972247689	0.999999999999999	0.9999997264757902	0.9999994792965705
413-414	1.0000000000000009	1.0000000000000013	0.999999999999997	0.9999999999999991	0.9999999999999994	1.0000000000000007	0.9999999999999992	0.9999999999999996	0.99999972247689	0.999999999999999	0.9999997264757902	0.9999994792965705
414-415	1.0000000000000009	1.0000000000000013	0.999999999999997	0.9999999999999991	0.9999999999999994	1.0000000000000007	0.9999999999999992	0.9999999999999996	0.99999972247689	0.999999999999999	0.9999997264757902	0.9999994792965705
415-416	1.0000000000000009	1.0000000000000013	0.999999999999997	0.9999999999999991	0.9999999999999994	1.0000000000000007	0.9999999999999992	0.9999999999999996	0.99999972247689	0.999999999999999	0.9999997264757902	0.9999994792965705
416-417	1.0000000000000009	1.0000000000000013	0.999999999999997	0.9999999999999991	0.9999999999999994	1.0000000000000007	0.9999999999999992	0.9999999999999996	0.99999972247689	0.999999999999999	0.9999997264757902	0.9999997396482848
417-418	1.0000000000000009	1.0000000000000013	0.999999999999997	0.9999999999999991	0.9999999999999994	1.0000000000000007	0.9999999999999992	0.9999999999999996	0.9999998612384459	0.999999999999999	0.9999997264757902	0.9999997396482848
418-419	1.0000000000000009	1.0000000000000013	0.999999999999997	0.9999999999999991	0.9999999999999994	1.0000000000000007	0.9999999999999992	0.9999999999999996	0.9999998612384459	0.999999999999999	0.9999997264757902	0.9999997396482848
419-420	1.0000000000000009	1.0000000000000013	0.999999999999997	0.9999999999999991	0.9999999999999994	1.0000000000000007	0.9999999999999992	0.9999999999999996	0.9999998612384459	0.999999999999999	0.9999997264757902	0.9999997396482848
420-421	1.0000000000000009	1.0000000000000013	0.999999999999997	0.9999999999999991	0.9999999999999994	1.0000000000000007	0.9999999999999992	0.9999999999999996	0.9999998612384459	0.999999999999999	0.9999997264757902	0.9999997396482848
421-422	1.0000000000000009	1.0000000000000013	0.999999999999997	0.9999999999999991	0.9999999999999994	1.0000000000000007	0.9999999999999992	0.9999999999999996	0.9999998612384459	0.999999999999999	0.9999997264757902	0.9999997396482848
422-423	1.0000000000000009	1.0000000000000013	0.999999999999997	0.9999999999999991	0.9999999999999994	1.0000000000000007	0.9999999999999992	0.9999999999999996	0.9999998612384459	0.999999999999999	0.9999997264757902	0.9999997396482848
423-424	1.0000000000000009	1.0000000000000013	0.999999999999997	0.9999999999999991	0.9999999999999994	1.0000000000000007	0.9999999999999992	0.9999999999999996	1.0000000000000018	0.999999999999999	0.9999997264757902	0.9999997396482848
424-425	1.0000000000000009	1.0000000000000013	0.999999999999997	0.9999999999999991	0.9999999999999994	1.0000000000000007	0.9999999999999992	0.9999999999999996	1.0000000000000018	0.999999999999999	0.9999997264757902	0.9999997396482848
425-426	1.0000000000000009	1.0000000000000013	0.999999999999997	0.9999999999999991	0.9999999999999994	1.0000000000000007	0.9999999999999992	0.9999999999999996	1.0000000000000018	0.999999999999999	0.9999997264757902	0.9999997396482848
426-427	1.0000000000000009	1.0000000000000013	0.999999999999997	0.9999999999999991	0.9999999999999994	1.0000000000000007	0.9999999999999992	0.9999999999999996	1.0000000000000018	0.999999999999999	0.9999997264757902	0.9999997396482848
427-428	1.0000000000000009	1.0000000000000013	0.999999999999997	0.9999999999999991	0.9999999999999994	1.0000000000000007	0.9999999999999992	0.9999999999999996	1.0000000000000018	0.999999999999999	0.9999997264757902	0.9999997396482848
428-429	1.0000000000000009	1.0000000000000013	0.999999999999997	0.9999999999999991	0.9999999999999994	1.0000000000000007	0.9999999999999992	0.9999999999999996	1.0000000000000018	0.999999999999999	0.9999998632378954	0.9999997396482848
429-430	1.0000000000000009	1.0000000000000013	0.999999999999997	0.9999999999999991	0.9999999999999994	1.0000000000000007	0.9999999999999992	0.9999999999999996	1.0000000000000018	0.999999999999999	0.9999998632378954	0.9999997396482848
430-431	1.0000000000000009	1.0000000000000013	0.999999999999997	0.9999999999999991	0.9999999999999994	1.0000000000000007	0.9999999999999992	0.9999999999999996	1.0000000000000018	0.999999999999999	0.9999998632378954	0.9999997396482848
431-432	1.0000000000000009	1.0000000000000013	0.999999999999997	0.9999999999999991	0.9999999999999994	1.0000000000000007	0.9999999999999992	0.9999999999999996	1.0000000000000018	0.999999999999999	0.9999998632378954	0.9999997396482848
432-433	1.0000000000000009	1.0000000000000013	0.999999999999997	0.9999999999999991	0.9999999999999994	1.0000000000000007	0.9999999999999992	0.9999999999999996	1.0000000000000018	0.999999999999999	0.9999998632378954	0.9999997396482848
433-434	1.0000000000000009	1.0000000000000013	0.999999999999997	0.9999999999999991	0.9999999999999994	1.0000000000000007	0.9999999999999992	0.9999999999999996	1.0000000000000018	0.999999999999999	0.9999998632378954	0.9999997396482848
434-435	1.0000000000000009	1.0000000000000013	0.999999999999997	0.9999999999999991	0.9999999999999994	1.0000000000000007	0.9999999999999992	0.9999999999999996	1.0000000000000018	0.999999999999999	0.9999998632378954	0.9999997396482848
435-436	1.0000000000000009	1.0000000000000013	0.999999999999997	0.9999999999999991	0.9999999999999994	1.0000000000000007	0.9999999999999992	0.9999999999999996	1.0000000000000018	0.999999999999999	0.9999998632378954	0.9999997396482848
436-437	1.0000000000000009	1.0000000000000013	0.999999999999997	0.9999999999999991	0.9999999999999994	1.0000000000000007	0.9999999999999992	0.9999999999999996	1.0000000000000018	0.999999999999999	0.9999998632378954	0.9999997396482848
437-438	1.0000000000000009	1.0000000000000013	0.999999999999997	0.9999999999999991	0.9999999999999994	1.0000000000000007	0.9999999999999992	0.9999999999999996	1.0000000000000018	0.999999999999999	0.9999998632378954	0.9999997396482848
438-439	1.0000000000000009	1.0000000000000013	0.999999999999997	0.9999999999999991	0.9999999999999994	1.0000000000000007	0.9999999999999992	0.9999999999999996	1.0000000000000018	0.999999999999999	0.9999998632378954	0.9999997396482848
439-440	1.0000000000000009	1.0000000000000013	0.999999999999997	0.9999999999999991	0.9999999999999994	1.0000000000000007	0.9999999999999992	0.9999999999999996	1.0000000000000018	0.999999999999999	0.9999998632378954	0.9999997396482848
440-441	1.0000000000000009	1.0000000000000013	0.999999999999997	0.9999999999999991	0.9999999999999994	1.0000000000000007	0.9999999999999992	0.9999999999999996	1.0000000000000018	0.999999999999999	0.9999998632378954	0.9999997396482848
441-442	1.0000000000000009	1.0000000000000013	0.999999999999997	0.9999999999999991	0.9999999999999994	1.0000000000000007	0.9999999999999992	0.9999999999999996	1.0000000000000018	0.999999999999999	0.9999998632378954	0.9999997396482848
442-443	1.0000000000000009	1.0000000000000013	0.999999999999997	0.9999999999999991	0.9999999999999994	1.0000000000000007	0.9999999999999992	0.9999999999999996	1.0000000000000018	0.999999999999999	0.9999998632378954	0.9999997396482848
443-444	1.0000000000000009	1.0000000000000013	0.999999999999997	0.9999999999999991	0.9999999999999994	1.0000000000000007	0.9999999999999992	0.9999999999999996	1.0000000000000018	0.999999999999999	1.0000000000000004	0.9999997396482848
444-445	1.0000000000000009	1.0000000000000013	0.999999999999997	0.9999999999999991	0.9999999999999994	1.0000000000000007	0.9999999999999992	0.9999999999999996	1.0000000000000018	0.999999999999999	1.0000000000000004	0.9999997396482848
445-446	1.0000000000000009	1.0000000000000013	0.999999999999997	0.9999999999999991	0.9999999999999994	1.0000000000000007	0.9999999999999992	0.9999999999999996	1.0000000000000018	0.999999999999999	1.0000000000000004	0.9999997396482848
446-447	1.0000000000000009	1.0000000000000013	0.999999999999997	0.9999999999999991	0.9999999999999994	1.0000000000000007	0.9999999999999992	0.9999999999999996	1.0000000000000018	0.999999999999999	1.0000000000000004	0.9999997396482848
447-448	1.0000000000000009	1.0000000000000013	0.999999999999997	0.9999999999999991	0.9999999999999994	1.0000000000000007	0.9999999999999992	0.9999999999999996	1.0000000000000018	0.999999999999999	1.0000000000000004	0.9999997396482848
448-449	1.0000000000000009	1.0000000000000013	0.999999999999997	0.9999999999999991	0.9999999999999994	1.0000000000000007	0.9999999999999992	0.9999999999999996	1.0000000000000018	0.999999999999999	1.0000000000000004	0.9999997396482848
449-450	1.0000000000000009	1.0000000000000013	0.999999999999997	0.9999999999999991	0.9999999999999994	1.0000000000000007	0.9999999999999992	0.9999999999999996	1.0000000000000018	0.999999999999999	1.0000000000000004	0.9999997396482848
450-451	1.0000000000000009	1.0000000000000013	0.999999999999997	0.9999999999999991	0.9999999999999994	1.0000000000000007	0.9999999999999992	0.9999999999999996	1.0000000000000018	0.999999999999999	1.0000000000000004	0.9999997396482848
451-452	1.0000000000000009	1.0000000000000013	0.999999999999997	0.9999999999999991	0.9999999999999994	1.0000000000000007	0.9999999999999992	0.9999999999999996	1.0000000000000018	0.999999999999999	1.0000000000000004	0.9999997396482848
452-453	1.0000000000000009	1.0000000000000013	0.999999999999997	0.9999999999999991	0.9999999999999994	1.0000000000000007	0.9999999999999992	0.9999999999999996	1.0000000000000018	0.999999999999999	1.0000000000000004	0.9999997396482848
453-454	1.0000000000000009	1.0000000000000013	0.999999999999997	0.9999999999999991	0.9999999999999994	1.0000000000000007	0.9999999999999992	0.9999999999999996	1.0000000000000018	0.999999999999999	1.0000000000000004	0.9999997396482848
454-455	1.0000000000000009	1.0000000000000013	0.999999999999997	0.9999999999999991	0.9999999999999994	1.0000000000000007	0.9999999999999992	0.9999999999999996	1.0000000000000018	0.999999999999999	1.0000000000000004	0.9999997396482848
455-456	1.0000000000000009	1.0000000000000013	0.999999999999997	0.9999999999999991	0.9999999999999994	1.0000000000000007	0.9999999999999992	0.9999999999999996	1.0000000000000018	0.999999999999999	1.0000000000000004	0.9999997396482848
456-457	1.0000000000000009	1.0000000000000013	0.999999999999997	0.9999999999999991	0.9999999999999994	1.0000000000000007	0.9999999999999992	0.9999999999999996	1.0000000000000018	0.999999999999999	1.0000000000000004	0.9999997396482848
457-458	1.0000000000000009	1.0000000000000013	0.999999999999997	0.9999999999999991	0.9999999999999994	1.0000000000000007	0.9999999999999992	0.9999999999999996	1.0000000000000018	0.999999999999999	1.0000000000000004	0.9999997396482848
458-459	1.0000000000000009	1.0000000000000013	0.999999999999997	0.9999999999999991	0.9999999999999994	1.0000000000000007	0.9999999999999992	0.9999999999999996	1.0000000000000018	0.999999999999999	1.0000000000000004	0.9999997396482848
459-460	1.0000000000000009	1.0000000000000013	0.999999999999997	0.9999999999999991	0.9999999999999994	1.0000000000000007	0.9999999999999992	0.9999999999999996	1.0000000000000018	0.999999999999999	1.0000000000000004	0.9999997396482848
460-461	1.0000000000000009	1.0000000000000013	0.999999999999997	0.9999999999999991	0.9999999999999994	1.0000000000000007	0.9999999999999992	0.9999999999999996	1.0000000000000018	0.999999999999999	1.0000000000000004	0.9999997396482848
461-462	1.0000000000000009	1.0000000000000013	0.999999999999997	0.9999999999999991	0.9999999999999994	1.0000000000000007	0.9999999999999992	0.9999999999999996	1.0000000000000018	0.999999999999999	1.0000000000000004	0.9999997396482848
462-463	1.0000000000000009	1.0000000000000013	0.999999999999997	0.9999999999999991	0.9999999999999994	1.0000000000000007	0.9999999999999992	0.9999999999999996	1.0000000000000018	0.999999999999999	1.0000000000000004	0.9999999999999991
